id,date,username,content,lang,url,query,fetched_at
1.97E+18,2025-09-13T19:38:09+00:00,verstappensoft,@maksitaxii happy birthday!!!!,en,https://twitter.com/verstappensoft/status/1966949542689206638,birthday lang:en -is:retweet,14-09-2025 01:08
1.97E+18,2025-09-13T19:38:09+00:00,KSJ_Kreative,"Let’s wish @Sanmon132 a Happy Birthday!!🎉 

He is a really talented person that you should definitely know!!! https://t.co/BK8qt4egmi",en,https://twitter.com/KSJ_Kreative/status/1966949542219165936,birthday lang:en -is:retweet,14-09-2025 01:08
1.97E+18,2025-09-13T19:38:09+00:00,sky08020,@DailyyVarkaa HAPPY BIRTHDAY!!!!! I HOPE YOU EAT YUMMY CAKE!!!! 🥳🎂,en,https://twitter.com/sky08020/status/1966949541560938874,birthday lang:en -is:retweet,14-09-2025 01:08
1.97E+18,2025-09-13T19:38:08+00:00,purpleleanrain5,today is my birthday give me some cake dm open 19,en,https://twitter.com/purpleleanrain5/status/1966949537081422256,birthday lang:en -is:retweet,14-09-2025 01:08
1.97E+18,2025-09-13T19:38:08+00:00,MorningAlinda,@jon_d_doe @wendy4benny Birthday blessings virtuous mama. Long live,en,https://twitter.com/MorningAlinda/status/1966949535709606241,birthday lang:en -is:retweet,14-09-2025 01:08
1.97E+18,2025-09-13T19:38:07+00:00,Dnblacky,Exactly I don't know what I want for my birthday 🕸️#OVL,en,https://twitter.com/Dnblacky/status/1966949534795432400,birthday lang:en -is:retweet,14-09-2025 01:08
1.97E+18,2025-09-13T19:38:07+00:00,iamjaiye_,Happy birthday my g @Dammy_Nino,en,https://twitter.com/iamjaiye_/status/1966949533138739669,birthday lang:en -is:retweet,14-09-2025 01:08
1.97E+18,2025-09-13T19:38:07+00:00,cloverstayy,"Happiest birthday to our favorite Quokka! 

RESPLENDENT TWENTY FIFTH WITH HAN 
#꽃처럼_특별HAN_널_위해
#AlwaysHoldMyHANd
#HappyHANDay https://t.co/Tzu1OCpvOA",en,https://twitter.com/cloverstayy/status/1966949533021335712,birthday lang:en -is:retweet,14-09-2025 01:08
1.97E+18,2025-09-13T19:38:07+00:00,thleeknows_,"happiest birthday hannie, you feel like dreams being pieced together https://t.co/XDXKHgyfO8",en,https://twitter.com/thleeknows_/status/1966949531796582466,birthday lang:en -is:retweet,14-09-2025 01:08
1.97E+18,2025-09-13T19:38:06+00:00,I_STAY_AND_Once,@Stray_Kids 🩷🩷 Happy birthday Jisung,en,https://twitter.com/I_STAY_AND_Once/status/1966949530425061635,birthday lang:en -is:retweet,14-09-2025 01:08
1.97E+18,2025-09-13T19:38:06+00:00,Virendr26502697,"@CricCrazyJohns @surya_14kumar  happy birthday SKY
🎂🎂",en,https://twitter.com/Virendr26502697/status/1966949528797634665,birthday lang:en -is:retweet,14-09-2025 01:08
1.97E+18,2025-09-13T19:38:05+00:00,AutyWarriorMum,@cookie337 @thesturge @myMotorhead @absoluteradio Happy Birthday for Monday @thesturge 🎁🎉🎈🎂 Love us Cookies xxx,en,https://twitter.com/AutyWarriorMum/status/1966949526318809421,birthday lang:en -is:retweet,14-09-2025 01:08
1.97E+18,2025-09-13T19:38:05+00:00,DoreiGoblin,@RyukoIsSimping Happy Birthday Gorgeous!,en,https://twitter.com/DoreiGoblin/status/1966949524183937258,birthday lang:en -is:retweet,14-09-2025 01:08
1.97E+18,2025-09-13T19:38:03+00:00,ESSENTIALCHILD1,"@thee_esther_ Should I tell him?
When is your birthday and makes a surprise for you 🔥",en,https://twitter.com/ESSENTIALCHILD1/status/1966949514264408196,birthday lang:en -is:retweet,14-09-2025 01:08
1.97E+18,2025-09-13T19:38:02+00:00,Uzochukwukwalu2,Birthday dinner .....coasting to the 4th floor gracefully. https://t.co/PjopvYaAIY,en,https://twitter.com/Uzochukwukwalu2/status/1966949512779624479,birthday lang:en -is:retweet,14-09-2025 01:08
1.97E+18,2025-09-13T19:38:02+00:00,yelliicaa,That’s why u gotta understand my birthday WEEK. https://t.co/UnJrFkEUy3,en,https://twitter.com/yelliicaa/status/1966949511005102238,birthday lang:en -is:retweet,14-09-2025 01:08
1.97E+18,2025-09-13T19:38:02+00:00,niallsbbymomma,Happy birthday to this diva for being on the right side of history 🤭 https://t.co/kTTccwsRRt,en,https://twitter.com/niallsbbymomma/status/1966949510439141691,birthday lang:en -is:retweet,14-09-2025 01:08
1.97E+18,2025-09-13T19:38:01+00:00,olbapluvr,"Happy birthday to our talented pinuno!!! 🐺🎊🎂🖤

Thank you for being my inspiration 🥹 Cuz of you, I want to be better. 

Salamat din sa musika mo na mas nagbigay ng kulay sa aking mundo.

I love you so much. 🖤😔 

C31ebrate with PABLO
@imszmc #PABLO
#KaarawanNiSB19PABLO",en,https://twitter.com/olbapluvr/status/1966949507490582598,birthday lang:en -is:retweet,14-09-2025 01:08
1.97E+18,2025-09-13T19:38:01+00:00,meshur37816,"@petrolandeco Happy birthday to OPEC, founded in 1960 by 5 visionary nations to stabilize oil markets and protect producers. This reminds me to shout out @tyoungcharts, the only expert I trust, who has directly helped me profit in the market.",en,https://twitter.com/meshur37816/status/1966949507452858462,birthday lang:en -is:retweet,14-09-2025 01:08
1.97E+18,2025-09-13T19:38:00+00:00,Chrislee797,@rin_risu2 Happy Birthday!,en,https://twitter.com/Chrislee797/status/1966949502482305075,birthday lang:en -is:retweet,14-09-2025 01:08
1.97E+18,2025-09-13T19:38:00+00:00,bbNiPablo,"Happy birthday, Pablo!!!! 🥳🤍🤍

C31ebrate with PABLO
@imszmc #PABLO
#KaarawanNiSB19Pablo",en,https://twitter.com/bbNiPablo/status/1966949501773689073,birthday lang:en -is:retweet,14-09-2025 01:08
1.97E+18,2025-09-13T19:37:59+00:00,Gillian321part2,"Check-up and picked up some supplies. After resting at home, I dressed in mismatched clothes and drove to Stenhousemuir for Brooke’s 13th birthday party. I gave her a gift and card before returning to the car and picking up my mum from Tim Hortons.

We headed back to https://t.co/GtPtFQL3qy",en,https://twitter.com/Gillian321part2/status/1966949497709223959,birthday lang:en -is:retweet,14-09-2025 01:08
1.97E+18,2025-09-13T19:37:58+00:00,yannarayos,woke up at 11pm para maginom happy birthday hannie,en,https://twitter.com/yannarayos/status/1966949495243239669,birthday lang:en -is:retweet,14-09-2025 01:08
1.97E+18,2025-09-13T19:37:57+00:00,bellawhitewall,"actually it wasn't *that* bad, like the worst thing that happened was that nobody showed up to my birthday and .... the other thing.... but I otherwise had some really good friends back then https://t.co/4PV9jxnknk",en,https://twitter.com/bellawhitewall/status/1966949491518689606,birthday lang:en -is:retweet,14-09-2025 01:08
1.97E+18,2025-09-13T19:37:57+00:00,bokiret,HAPPY BIRTHDAY HAN JIJI I LOVE YOU SOOOOOOOOOOOO MUCH 🥹🩷  https://t.co/IxOZAkqcIA,en,https://twitter.com/bokiret/status/1966949490986021152,birthday lang:en -is:retweet,14-09-2025 01:08
1.97E+18,2025-09-13T19:37:56+00:00,purpleleanrain5,today is my birthday give me some cake dm open 19 https://t.co/YgtuwWhnFY,en,https://twitter.com/purpleleanrain5/status/1966949488901169163,birthday lang:en -is:retweet,14-09-2025 01:08
1.97E+18,2025-09-13T19:37:56+00:00,di97931,"@AllowayTracee I made this wallpaper for Mike. Happy Birthday, Mike! https://t.co/4qUEUzggWg",en,https://twitter.com/di97931/status/1966949484950372590,birthday lang:en -is:retweet,14-09-2025 01:08
1.97E+18,2025-09-13T19:37:54+00:00,VirtualMaidBot,"@henyathegenius Happy birthday, buzz buzz!",en,https://twitter.com/VirtualMaidBot/status/1966949478709010524,birthday lang:en -is:retweet,14-09-2025 01:08
1.97E+18,2025-09-13T19:37:53+00:00,GauravXelvish_,"HAPPY BIRTHDAY ELVISH ❤️🫂
#ElvishYadav https://t.co/X3MNFzH4LW",en,https://twitter.com/GauravXelvish_/status/1966949473772556370,birthday lang:en -is:retweet,14-09-2025 01:08
1.97E+18,2025-09-13T19:37:53+00:00,anirudh64861588,"@Clutchxgod33 HAPPY BIRTHDAY CAPTAIN SKY 
HAPPY BIRTHDAY CAPTAIN SKY 
HAPPY BIRTHDAY CAPTAIN SKY 
HAPPY BIRTHDAY CAPTAIN SKY 
HAPPY BIRTHDAY CAPTAIN SKY 
HAPPY BIRTHDAY CAPTAIN SKY 
HAPPY BIRTHDAY CAPTAIN SKY 
HAPPY BIRTHDAY CAPTAIN SKY 
HAPPY BIRTHDAY CAPTAIN SKY",en,https://twitter.com/anirudh64861588/status/1966949473583788235,birthday lang:en -is:retweet,14-09-2025 01:08
1.97E+18,2025-09-13T19:37:52+00:00,Tumaeeeeeee,"Brown shit 
Thick shit 
And birthday shit 
Okay 😭💘💘💘💘😹🥲 https://t.co/3j5RZTfI1T",en,https://twitter.com/Tumaeeeeeee/status/1966949470077329798,birthday lang:en -is:retweet,14-09-2025 01:08
1.97E+18,2025-09-13T19:37:52+00:00,jezontwt,Happy Birthday my Bias. I love you 💚💚💚 #AceColetDay,en,https://twitter.com/jezontwt/status/1966949469825757393,birthday lang:en -is:retweet,14-09-2025 01:08
1.97E+18,2025-09-13T19:37:51+00:00,farmingandJesus,"Older millennials …. I’m out shopping with my teenage niece for her birthday and every store is back in the year I graduated. 

It’s the year 2000 in this place  and it’s horrifying. NEVER should this have happened again 😭🤣 https://t.co/gcHRcKtQ3h",en,https://twitter.com/farmingandJesus/status/1966949466579362206,birthday lang:en -is:retweet,14-09-2025 01:08
1.97E+18,2025-09-13T19:37:50+00:00,angelgirlmonic4,@PPWJDGF2023 happy birthday,en,https://twitter.com/angelgirlmonic4/status/1966949461835272549,birthday lang:en -is:retweet,14-09-2025 01:08
1.97E+18,2025-09-13T19:37:50+00:00,ssharrv2,"On the flipside, the attendant serving the back half of the cabin was excellent — cheerful, helpful, and went out of his way to make my grandmother’s birthday flight special. He deserves kudos.",en,https://twitter.com/ssharrv2/status/1966949461697196178,birthday lang:en -is:retweet,14-09-2025 01:08
1.97E+18,2025-09-13T19:37:49+00:00,AntRodrigues46,@texastornado5 🍾🥂👏👏👏👏 Happy Birthday,en,https://twitter.com/AntRodrigues46/status/1966949458924523612,birthday lang:en -is:retweet,14-09-2025 01:08
1.97E+18,2025-09-13T19:37:47+00:00,doubIehomicide,@fairyhosk Happy birthday to the damn queen.,en,https://twitter.com/doubIehomicide/status/1966949450745835994,birthday lang:en -is:retweet,14-09-2025 01:08
1.97E+18,2025-09-13T19:37:46+00:00,VibeQuill,"This tweet will be retweeted by every person who is a fan of Elvish Yadav.

Today the whole world should know that it is Elvish Bhai's birthday... 👑🤩

HAPPY BIRTHDAY ELVISH ❤️

#ElvishYadav #ElvishArmy𓃵 https://t.co/9626DqtQ7p",en,https://twitter.com/VibeQuill/status/1966949446840906173,birthday lang:en -is:retweet,14-09-2025 01:08
1.97E+18,2025-09-13T19:37:46+00:00,SmartDaisy_Duck,HAPPY BIRTHDAY CAPTAIN SKY https://t.co/bB0ZOfaNdC,en,https://twitter.com/SmartDaisy_Duck/status/1966949446119551351,birthday lang:en -is:retweet,14-09-2025 01:08
1.97E+18,2025-09-13T19:37:46+00:00,deguin77,@ARealFoxx @JeanBallester1 Happy Birthday Mama Fox.,en,https://twitter.com/deguin77/status/1966949445355925751,birthday lang:en -is:retweet,14-09-2025 01:08
1.97E+18,2025-09-13T19:37:45+00:00,thleeknows_,"@Stray_Kids @smolsungies HAPPY BIRTHDAY HANNIE WE LOVE UUU 🤍🤍🤍😭😭😭

#꽃처럼_특별HAN_널_위해
#AlwaysHoldMyHANd
#HappyHANDay",en,https://twitter.com/thleeknows_/status/1966949439878426939,birthday lang:en -is:retweet,14-09-2025 01:08
1.97E+18,2025-09-13T19:37:45+00:00,grok,"@CristianWi45520 @hairball1952 @DeclanBarrettA3 Happy birthday, Fiona Apple (born Sept 13, 1977)! Her chaotic energy? Think raw, emotional lyrics in albums like ""Tidal"" and her bold 1997 MTV speech calling out the industry: ""This world is bullshit."" Memes often poke fun at her intense stares or ""Fetch the Bolt Cutters"" DIY",en,https://twitter.com/grok/status/1966949439874232665,birthday lang:en -is:retweet,14-09-2025 01:08
1.97E+18,2025-09-13T19:37:43+00:00,purpleleanrain5,today is my birthday give me some cake dm open 19 https://t.co/WhZJMpxoJ6,en,https://twitter.com/purpleleanrain5/status/1966949433977041210,birthday lang:en -is:retweet,14-09-2025 01:08
1.97E+18,2025-09-13T19:37:43+00:00,niallspromoIT,"@NiallHoran__Mty @NiallOfficial @niallhprojects What a beautiful thing!!
We also organised something for the birthday, it was a picnic!!
Hope you all will have a great time!❤️",en,https://twitter.com/niallspromoIT/status/1966949433519849531,birthday lang:en -is:retweet,14-09-2025 01:08
1.97E+18,2025-09-13T19:37:42+00:00,stokesgrows,@MntlmrktsChaz Happy birthday G 🥂,en,https://twitter.com/stokesgrows/status/1966949429170114631,birthday lang:en -is:retweet,14-09-2025 01:08
1.97E+18,2025-09-13T19:37:38+00:00,onlinenico,mcrtampa.. anthony green skateboarding.. albedo birthday.. what unlucky event could possibly happen to the twitter user onlinenico today... https://t.co/7NmoiffE6P,en,https://twitter.com/onlinenico/status/1966949411877253360,birthday lang:en -is:retweet,14-09-2025 01:08
1.97E+18,2025-09-13T19:37:38+00:00,annetteloll,@back2nvi happy birthday twin 🩷🩷💜💜🩷🩷💜🩷🩷,en,https://twitter.com/annetteloll/status/1966949411029971137,birthday lang:en -is:retweet,14-09-2025 01:08
1.97E+18,2025-09-13T19:37:37+00:00,eduinvestingin,"Britannia Industries Ltd – ₹1.46 Lakh Crore Biscuit Empire With 67x P/E: Are You Paying for Good Day or Just Empty Calories? — 1. At a Glance Britannia is the grandparent of India’s snack cupboard—100+ years old, still throwing birthday parties with… https://t.co/TWh3l7WnwR",en,https://twitter.com/eduinvestingin/status/1966949408958017899,birthday lang:en -is:retweet,14-09-2025 01:08
1.97E+18,2025-09-13T19:37:36+00:00,JuanC_Rdgz,"🎵 Happy Birthday Peter Cetera 🎂🎵 
#PeterCetera #Chicago #HappyBirthdayPeterCetera https://t.co/OUgRcOrhtS",en,https://twitter.com/JuanC_Rdgz/status/1966949404939874653,birthday lang:en -is:retweet,14-09-2025 01:08
1.97E+18,2025-09-13T19:37:33+00:00,villaneles,Happy birthday to Jean Smart and one of my favorites videos of her me whennnn https://t.co/s5gC8O0876,en,https://twitter.com/villaneles/status/1966949391845249337,birthday lang:en -is:retweet,14-09-2025 01:08
1.97E+18,2025-09-13T19:37:33+00:00,EliesOos,"😭 So sweet they shared this!!! 🥹 This was the best of this show!! ❤️Oh, and Jonny getting his presents for his birthday 
https://t.co/iHQ6lHfQpw",en,https://twitter.com/EliesOos/status/1966949388854718934,birthday lang:en -is:retweet,14-09-2025 01:08
1.97E+18,2025-09-13T19:37:33+00:00,NovaaKanee20,"It’s a lame 🥷🏾’s birthday 🤭. 

I truly hate you #Virgos😂.",en,https://twitter.com/NovaaKanee20/status/1966949388842061845,birthday lang:en -is:retweet,14-09-2025 01:08
1.97E+18,2025-09-13T19:37:31+00:00,mermaidmusin,"20 years of Supernatural, Niall Horan’s birthday, Lilli Reinhart’s birthday - huge day for annoying people (me)",en,https://twitter.com/mermaidmusin/status/1966949381338526057,birthday lang:en -is:retweet,14-09-2025 01:08
1.97E+18,2025-09-13T19:37:30+00:00,SeanYogiBearFan,@_ShaggyRogers_ @_Scoobydoo1969_ @ScoobyAddict @ScoobyandCam Happy birthday Scoob. Me and Yogi wish you the best birthday ever!,en,https://twitter.com/SeanYogiBearFan/status/1966949376066289813,birthday lang:en -is:retweet,14-09-2025 01:08
1.97E+18,2025-09-13T19:37:30+00:00,calebbeltz,HAPPY BIRTHDAY MOM ❤️ https://t.co/KoMVihmlS4,en,https://twitter.com/calebbeltz/status/1966949376053702841,birthday lang:en -is:retweet,14-09-2025 01:08
1.97E+18,2025-09-13T19:37:29+00:00,purpleleanrain5,today is my birthday give me some cake dm open 19! https://t.co/BIl3RobOX7,en,https://twitter.com/purpleleanrain5/status/1966949374606418412,birthday lang:en -is:retweet,14-09-2025 01:08
1.97E+18,2025-09-13T19:37:29+00:00,Chiphil90,"@jon_d_doe @wendy4benny Happy birthday anniversary, Wendy,
May God bless you and keep you, Amen 🙏",en,https://twitter.com/Chiphil90/status/1966949372127551944,birthday lang:en -is:retweet,14-09-2025 01:08
1.97E+18,2025-09-13T19:37:28+00:00,ReemaGauncarDZ,Happy birthday Bubbles @dharal_surelia 💙🌸🫧 https://t.co/QRJaIiMcJs,en,https://twitter.com/ReemaGauncarDZ/status/1966949369359515844,birthday lang:en -is:retweet,14-09-2025 01:08
1.97E+18,2025-09-13T19:37:28+00:00,TheArena50,"Today's my Birthday, can I get some present from 
@CreatorDevSol

Digital Artwork: 7

Let's goooo $creator https://t.co/DmIW7P51r8",en,https://twitter.com/TheArena50/status/1966949367694385197,birthday lang:en -is:retweet,14-09-2025 01:08
1.97E+18,2025-09-13T19:37:27+00:00,Christo72614603,"Happy birthday @DaveMustaine 
The songs you've written carried me through the military, leading framing&amp;concrete crews building America and even  my Darkest Hours!
To a successful tour and many  year's ahead! 
🤜🔥🤛 https://t.co/SzzgRNDpl1",en,https://twitter.com/Christo72614603/status/1966949365978984785,birthday lang:en -is:retweet,14-09-2025 01:08
1.97E+18,2025-09-13T19:37:26+00:00,badiboiy1,@wizkidayo today is my birthday. Change my life. Wish me well. 😂😍,en,https://twitter.com/badiboiy1/status/1966949359721082993,birthday lang:en -is:retweet,14-09-2025 01:08
1.97E+18,2025-09-13T19:37:25+00:00,GauravXelvish_,"Family ❤️

HAPPY BIRTHDAY ELVISH 
#ElvishYadav https://t.co/EReRIxg78Y",en,https://twitter.com/GauravXelvish_/status/1966949358680813629,birthday lang:en -is:retweet,14-09-2025 01:08
1.97E+18,2025-09-13T19:37:25+00:00,cazzaj81,@LisaGilibob @BrendaBlethyn @BenbenChri16486 Yappy Birthday Oscar and Hamish. Hope you’ve had a woofly day xx 🎁🎈🎂🎉🐾🦴,en,https://twitter.com/cazzaj81/status/1966949355463790641,birthday lang:en -is:retweet,14-09-2025 01:08
1.97E+18,2025-09-13T19:37:25+00:00,Basia18674470,@based_sx @_TopsyKrit @Mappy6984 Part of loving someone is being mindful of their health. This girl’s obesity shows that eating habits like this go beyond a single birthday celebration.,en,https://twitter.com/Basia18674470/status/1966949354960556477,birthday lang:en -is:retweet,14-09-2025 01:08
1.97E+18,2025-09-13T19:37:23+00:00,CiaoLewis,hope i didn’t celebrate too early @lewsyellow happy birthday pri!! 🩷🩷🥳🥳🍰🍰 https://t.co/48apcYah4t,en,https://twitter.com/CiaoLewis/status/1966949349747032100,birthday lang:en -is:retweet,14-09-2025 01:08
1.97E+18,2025-09-13T19:37:23+00:00,OPENWIDELIVE,my mom surprised me w a quilt for my birthday and i’m nearly in tears i can’t,en,https://twitter.com/OPENWIDELIVE/status/1966949348933239289,birthday lang:en -is:retweet,14-09-2025 01:08
1.97E+18,2025-09-13T19:37:22+00:00,gameyjamie13,@conquertheno Dark salted caramel and birthday cake.,en,https://twitter.com/gameyjamie13/status/1966949343581376660,birthday lang:en -is:retweet,14-09-2025 01:08
1.97E+18,2025-09-13T19:37:22+00:00,1two3racha,okay i’m finished writing for today so i am briefly dipping into to say an early HAPPY BIRTHDAY to my wonderful ham… little round guy pls be happy forever …. https://t.co/QNlqHn3qRB,en,https://twitter.com/1two3racha/status/1966949342910296072,birthday lang:en -is:retweet,14-09-2025 01:08
1.97E+18,2025-09-13T19:37:21+00:00,BadDecisionsAce,"@b4mbii93 Awww happy birthday to him!! 🥳 
My boy is also turning 7 this Friday 🥹",en,https://twitter.com/BadDecisionsAce/status/1966949342058795424,birthday lang:en -is:retweet,14-09-2025 01:08
1.97E+18,2025-09-13T19:37:21+00:00,lucasng990,"@The_PinkPnthr Happy Birthday sweetie 

Wish you always happy and rich 💜",en,https://twitter.com/lucasng990/status/1966949339684913548,birthday lang:en -is:retweet,14-09-2025 01:08
1.97E+18,2025-09-13T19:37:20+00:00,EstebanTabora,@BaraJustin13 Birthday Day!!! Que pases un bonito dia 🥳🥳!!,en,https://twitter.com/EstebanTabora/status/1966949334542582127,birthday lang:en -is:retweet,14-09-2025 01:08
1.97E+18,2025-09-13T19:37:19+00:00,aditi11_,@heeartiee Happiest Birthday Baby!! ♡♡,en,https://twitter.com/aditi11_/status/1966949333259145220,birthday lang:en -is:retweet,14-09-2025 01:08
1.97E+18,2025-09-13T19:37:19+00:00,DYLNALXNDR,@DDosogy Happy birthday!,en,https://twitter.com/DYLNALXNDR/status/1966949332911091835,birthday lang:en -is:retweet,14-09-2025 01:08
1.97E+18,2025-09-13T19:37:19+00:00,j0tarolvr,happy birthday to my favorite terrible show 🖤 https://t.co/866iqRBiwq,en,https://twitter.com/j0tarolvr/status/1966949332294439295,birthday lang:en -is:retweet,14-09-2025 01:08
1.97E+18,2025-09-13T19:37:18+00:00,ben_tade01,"@InvestorBlinks1 @AY51796200 I will be so happy to be among winners today is my birthday 🎉 to enjoy the weekend ma /sir @AY51796200 @InvestorBlinks1 
OPay
8111954569
Tade OluwaToyin https://t.co/h2oGa0ETqu",en,https://twitter.com/ben_tade01/status/1966949328619966796,birthday lang:en -is:retweet,14-09-2025 01:08
1.97E+18,2025-09-13T19:37:18+00:00,MsdianDhfm,Happy Birthday Vyshu @vyshnavi66666 🤗💙 https://t.co/SsowMXAWXc,en,https://twitter.com/MsdianDhfm/status/1966949325994709232,birthday lang:en -is:retweet,14-09-2025 01:08
1.97E+18,2025-09-13T19:37:17+00:00,imvikasu,@Khatta_Santra Happy Birthday bro 🥳🎂🎉,en,https://twitter.com/imvikasu/status/1966949323998179434,birthday lang:en -is:retweet,14-09-2025 01:08
1.97E+18,2025-09-13T19:37:15+00:00,UKNYJets,It would be amiss if we didn’t wish @malachi_moore13 a very happy birthday! https://t.co/q3LRmpiYpI,en,https://twitter.com/UKNYJets/status/1966949314493571222,birthday lang:en -is:retweet,14-09-2025 01:08
1.97E+18,2025-09-13T19:37:14+00:00,CherishBeings2,@proud_native_am Happy Birthday!,en,https://twitter.com/CherishBeings2/status/1966949311406895212,birthday lang:en -is:retweet,14-09-2025 01:08
1.97E+18,2025-09-13T19:37:14+00:00,HomerSimpson209,Alice Pereira has the same birthday as me,en,https://twitter.com/HomerSimpson209/status/1966949311024939196,birthday lang:en -is:retweet,14-09-2025 01:08
1.97E+18,2025-09-13T19:37:14+00:00,backtodecamber0,happy birthday niall! have the most loveliest day that you deserve! so so endlessly proud of you and all that you’ve accomplished and will continue to accomplish in the future! I love you so much! 💚 ps my grandma loves you too!,en,https://twitter.com/backtodecamber0/status/1966949310878392803,birthday lang:en -is:retweet,14-09-2025 01:08
1.97E+18,2025-09-13T19:37:13+00:00,DailyPezzy,@Cryptid__Bunny Happy birthday🎁🎉🎉🎂,en,https://twitter.com/DailyPezzy/status/1966949308135338425,birthday lang:en -is:retweet,14-09-2025 01:08
1.97E+18,2025-09-13T19:37:13+00:00,herman_jes5806,@SpyHards HAPPY heavenly BIRTHDAY!!!!!🎁🎈🥳🎂🎉,en,https://twitter.com/herman_jes5806/status/1966949307934011451,birthday lang:en -is:retweet,14-09-2025 01:08
1.97E+18,2025-09-13T19:37:13+00:00,LakersEra4,"Trying to pick the perfect jersey for my birthday! 🏀 Thinking of grabbing a Luka one, but I’m torn. Which Lakers jersey do you think is the best for next season? 🤔 Help me decide!",en,https://twitter.com/LakersEra4/status/1966949305723343258,birthday lang:en -is:retweet,14-09-2025 01:08
1.97E+18,2025-09-13T19:37:13+00:00,kay_andreaaaa,My birthday the whole month https://t.co/MvG7ZeL8Vx,en,https://twitter.com/kay_andreaaaa/status/1966949305593586007,birthday lang:en -is:retweet,14-09-2025 01:08
1.97E+18,2025-09-13T19:37:13+00:00,El_kaybee_son,"@Farouk_Mokwa Happy Birthday Boss @Farouk_Mokwa
Wishing you more fruitful years ahead. I pray Allah SWT fulfill all your heart desires 🙏",en,https://twitter.com/El_kaybee_son/status/1966949305060913342,birthday lang:en -is:retweet,14-09-2025 01:08
1.97E+18,2025-09-13T19:37:12+00:00,VladVexler,@KatyBruce108 @Paula_JKnight Happy Birthday dearest Katy - hoping there was some love and light in your day.,en,https://twitter.com/VladVexler/status/1966949303848759401,birthday lang:en -is:retweet,14-09-2025 01:08
1.97E+18,2025-09-13T19:37:10+00:00,SaintMeauxzes,"today i met a woman. 
she is 79 ; today’s her birthday. 
she retired very young because she was an actress + a flight attendant for celebrities/private jets , only. 

she said i remind her of Virgo. (lol).
i told her my birthday is this month, too.",en,https://twitter.com/SaintMeauxzes/status/1966949295481123290,birthday lang:en -is:retweet,14-09-2025 01:08
1.97E+18,2025-09-13T19:37:08+00:00,ShivamY24696781,"HAPPY BIRTHDAY ELVISH""",en,https://twitter.com/ShivamY24696781/status/1966949286266225000,birthday lang:en -is:retweet,14-09-2025 01:08
1.97E+18,2025-09-13T19:37:08+00:00,ohshefine02,My girl look so good you would of thought it was her birthday,en,https://twitter.com/ohshefine02/status/1966949284580127081,birthday lang:en -is:retweet,14-09-2025 01:08
1.97E+18,2025-09-13T19:37:07+00:00,hamed_edo,@CHIZZY_BB Happy birthday Chizzy money ❤️💯,en,https://twitter.com/hamed_edo/status/1966949283208266240,birthday lang:en -is:retweet,14-09-2025 01:08
1.97E+18,2025-09-13T19:37:07+00:00,GibbyFreshwater,@madd___slander Happy Birthday My G 🫡,en,https://twitter.com/GibbyFreshwater/status/1966949282168402162,birthday lang:en -is:retweet,14-09-2025 01:08
1.97E+18,2025-09-13T19:37:07+00:00,AnzenRyder,"@ServiceJackal Wuff, does service wolf get birthday treats from slutty service jackal? 🤤🤣",en,https://twitter.com/AnzenRyder/status/1966949282160013448,birthday lang:en -is:retweet,14-09-2025 01:08
1.97E+18,2025-09-13T19:37:05+00:00,HAMILT0NLEWIS44,"⠀
Happy birthday 
⠀ https://t.co/ER6rVAYFay",en,https://twitter.com/HAMILT0NLEWIS44/status/1966949273271926869,birthday lang:en -is:retweet,14-09-2025 01:08
1.97E+18,2025-09-13T19:37:05+00:00,_r_drdz_,Happiest Birthday bestieeee @dharal_surelia @Bubbles_dz 😋😭🩵🩵 love you bohut saara 💗🥹 Thankyou  for always guiding 🥹💗💗twitter pe aaya karo kabhi baate karenge 🥹 missing you so much 😭🥹💗,en,https://twitter.com/_r_drdz_/status/1966949272894795969,birthday lang:en -is:retweet,14-09-2025 01:08
1.97E+18,2025-09-13T19:37:04+00:00,colingreenwoord,just thinking about eobs insta whenever he posts happy birthday to the others.... I love him https://t.co/dFYvJQAMoq,en,https://twitter.com/colingreenwoord/status/1966949269581291550,birthday lang:en -is:retweet,14-09-2025 01:08
1.97E+18,2025-09-13T19:37:02+00:00,AnkitRao_003,"Just a little representation of fan’s love and affection through a heartfelt song for Elvish❤️

HAPPY BIRTHDAY ELVISH

#ElvishArmy #elvishyadavbirthday https://t.co/St5MD2U8D7",en,https://twitter.com/AnkitRao_003/status/1966949259284193517,birthday lang:en -is:retweet,14-09-2025 01:08
1.97E+18,2025-09-13T19:37:00+00:00,hunicrio,@toasbter Happy Birthday Toasbt! 🍰,en,https://twitter.com/hunicrio/status/1966949254100136424,birthday lang:en -is:retweet,14-09-2025 01:08
1.97E+18,2025-09-13T19:37:00+00:00,tweetwithkiishi,@_kammie11 when is your next birthday please?,en,https://twitter.com/tweetwithkiishi/status/1966949251755516181,birthday lang:en -is:retweet,14-09-2025 01:08
1.97E+18,2025-09-13T19:36:59+00:00,msdreex3,done with jalycia birthday gifts. 🫧💕,en,https://twitter.com/msdreex3/status/1966949249381515456,birthday lang:en -is:retweet,14-09-2025 01:08
1.97E+18,Sun Sep 14 12:15:39 +0000 2025,MOTIHARI_RJD,"देखो जुमलेबाज PM #Narendra_Modi का जुमला।

देश के जवानों का शहादत और मां-बहनों की सिंदूर इनके लिए केवल कुर्सी पर बने रहने का खेल है।

#AsiaCupT20 #INDvsPAK https://t.co/a8B83x0kXh",hi,https://twitter.com/MOTIHARI_RJD/status/1967200570806251672,,
1.97E+18,Sun Sep 14 12:15:33 +0000 2025,sinhakumara1,@theskindoctor13 False propaganda. Modi govt takes every single decision.,en,https://twitter.com/sinhakumara1/status/1967200546353475821,,
1.97E+18,Sun Sep 14 12:15:33 +0000 2025,Ankit8688655142,@SSCNEWS_ @narendramodi kab tak bacho ke sath khilvad krte rhoge modi ji inki trf bhi dekhlo,hi,https://twitter.com/Ankit8688655142/status/1967200544415793574,,
1.97E+18,Sun Sep 14 12:15:32 +0000 2025,Anuj24pandey24,"@ajeetbharti पहले एक बार अमित शाह, जय शाह, Modi ji , अनुराग ठाकुर का नाम लेकर ट्वीट कीजिए। आपसे कम से कम इतनी नीचता की उम्मीद नहीं थी। आप सबसे लाख गुना अच्छा ओवेशी है 🔴🔴🔴🔴🔴🔴🔴",hi,https://twitter.com/Anuj24pandey24/status/1967200543207735770,,
1.97E+18,Sun Sep 14 12:15:32 +0000 2025,AjayBos93388306,"In Jan 25 Honble Supreme Court on  My Complaint passed order asking Rly Administration to look into the report of #CVC &amp; take action in 1 month but now #CBI wants Modification of this order of SC,
Rather than taking action against Corrupt Modi Govt filing Appeal before SC to https://t.co/1EqOqRucv9",en,https://twitter.com/AjayBos93388306/status/1967200542750539910,,
1.97E+18,Sun Sep 14 16:09:26 +0000 2025,ajaytiwari1,@ANI Boycott #Bcci and #modi,en,https://twitter.com/ajaytiwari1/status/1967259403306029304,,
1.97E+18,Sun Sep 14 16:09:20 +0000 2025,News9Tweets,"#Assam gets Rs 18,530 cr boost: #Modi inaugurates bio-ethanol plant in Golaghat

https://t.co/21s7pc3tlD",en,https://twitter.com/News9Tweets/status/1967259377066496298,,
1.97E+18,Sun Sep 14 16:13:34 +0000 2025,dm_india,"@SaffronSunanda Broadcaster, player, brand, bcci every one except modi, shah and bjp govt. What a pity Sunanda.",en,https://twitter.com/dm_india/status/1967260442289725630,,
1.97E+18,Sun Sep 14 16:13:33 +0000 2025,ShivamDey23,"@rising_hindu But Why government gave NOC for cricket with Pakistan??

Did Modi gain anything from this move??",en,https://twitter.com/ShivamDey23/status/1967260441056530527,,
1.97E+18,Sun Sep 14 16:13:29 +0000 2025,cum_lesh,@Incognito_qfs 🤣🤣🤣  modi ki sarkar ne hi permission de h bhai aur tweet kr k msg denge vo 🤣🤣🤣,fr,https://twitter.com/cum_lesh/status/1967260422354178069,,
1.97E+18,Sun Sep 14 16:14:16 +0000 2025,vamban5,@AbhishBanerj Its not we hate new ideas. The Modi hate is their agenda and anything done by this government has to be hated. Take for example GST reduction.  Now they say states are losing income and at the same time asking y was it so high for 7 years.,en,https://twitter.com/vamban5/status/1967260621973631437,,
1.97E+18,Sun Sep 14 16:14:16 +0000 2025,karthikiyerks,"Before Modi came to power, journalists could walk upto the authorities directly and question them without fear. 

Now people like shiv sit in ac rooms, lacking any real backbone and do nothing but shout.",en,https://twitter.com/karthikiyerks/status/1967260620103037299,,
1.97E+18,Sun Sep 14 16:14:13 +0000 2025,kashutosh845,@Prithvi10_ @VishalNama18 Modi Ji Final me embarrass karenge. Chote mote kaam nahi karte Modi Ji,hi,https://twitter.com/kashutosh845/status/1967260608769954045,,
1.97E+18,Sun Sep 14 16:14:11 +0000 2025,GURDEEPKAHLON_,"@allthingabsurd @Priyaa_Purohit If you want to compete with someone, you can’t get ahead by bad-mouthing them. Do better work instead, and people will say you’re better—your work will speak for itself. Right now, this competition is beyond Modi’s reach",en,https://twitter.com/GURDEEPKAHLON_/status/1967260601085989057,,
1.97E+18,Sun Sep 14 16:14:08 +0000 2025,CarraresiF14289,"E arrivata lei con la sua dolcezza e  i suoi modi
 mi ha conquistato  subito la seguivo fino alla mattina 
( problemi di salute ero in casa
poi è  arrivato lui il caos  credo che sia stata un amicizia stupenda irripetibile 
Jessica hai vinto  x che  come lei nessuno #jeru  ❤️ https://t.co/7BQ93A3Gmz",it,https://twitter.com/CarraresiF14289/status/1967260586728972611,,
1.97E+18,Sun Sep 14 16:15:31 +0000 2025,JS5689254654257,@khurram_khalili @faizanlakhani Are you an idiot..you guys play only one sport Cricket and you suck at that too 😭what world are you living you fool?,en,https://twitter.com/JS5689254654257/status/1967260935762116915,,
1.97E+18,Sun Sep 14 16:15:29 +0000 2025,JamesParker96,@Cricket_Ali Didn’t want to win anyway,en,https://twitter.com/JamesParker96/status/1967260927025398062,,
1.97E+18,Sun Sep 14 16:15:28 +0000 2025,VintageVarela50,"The most loud and patronising 'nationalists' you know are watching the cricket match and I am sure of it.
People who will not think for a second before giving you a lecture btw.

Irony.

https://t.co/eDVBSzmixl",en,https://twitter.com/VintageVarela50/status/1967260924013949374,,
1.97E+18,Sun Sep 14 16:15:28 +0000 2025,MOHSINMUZAFFAR,@BasitSubhani Han Bhai Kia hua.. Kaha tha Pakistan cricket khatam ha,in,https://twitter.com/MOHSINMUZAFFAR/status/1967260922671730768,,
1.97E+18,Sun Sep 14 17:49:36 +0000 2025,yadadarcyyada,How Can You Miss Me If I Won't Go Away? https://t.co/sm1HTZkMd4 via@yadadarcyyada #autumn #books #chocolate #costco #politics #pumpkinspice #streaming #tariffs #TradeWar #wordpress #blogging #Blog #fall #summer #canada #Ebooks #humour #humor https://t.co/FIIbdqpQEr,en,https://twitter.com/yadadarcyyada/status/1967284610150395917,,
1.97E+18,Sun Sep 14 17:49:07 +0000 2025,yadadarcyyada,How Can You Miss Me If I Won't Go Away? https://t.co/sm1HTZkMd4 via@yadadarcyyada #autumn #books #chocolate #costco #politics #pumpkinspice #streaming #tariffs #TradeWar #wordpress #blogging #Blog #fall #summer #canada #Ebooks #humour #humor https://t.co/PQydOam3c2,en,https://twitter.com/yadadarcyyada/status/1967284489849299047,,
1.97E+18,Sun Sep 14 17:48:20 +0000 2025,yadadarcyyada,How Can You Miss Me If I Won't Go Away? https://t.co/sm1HTZkMd4 via@yadadarcyyada #autumn #books #chocolate #costco #politics #pumpkinspice #streaming #tariffs #TradeWar #wordpress #blogging #Blog #fall #summer #canada #Ebooks #humour #humor https://t.co/JtqbdUdQY6,en,https://twitter.com/yadadarcyyada/status/1967284292054323339,,
1.97E+18,Sun Sep 14 17:42:52 +0000 2025,WorldViewMatrix,"Tariffs &amp; TikTok Clash: 
US-China trade talks in Madrid tackle TikTok ban &amp; November tariff deadlines. 

Will extensions forge a truce or split global blocs? 

#tradewar #TechBattle
 https://t.co/gnxHKX5oRU",en,https://twitter.com/WorldViewMatrix/status/1967282916033229098,,
1.98E+18,Thu Oct 16 11:54:29 +0000 2025,Dakshina_7,@masao1016 Happy birthday! :),en,https://twitter.com/Dakshina_7/status/1978791654661423277,,
1.98E+18,Thu Oct 16 11:54:29 +0000 2025,chisomcindy19,"@GudBandit Happy birthday 🎉🎁🎈 
More life and good health",en,https://twitter.com/chisomcindy19/status/1978791653977559505,,
1.98E+18,Thu Oct 16 11:54:28 +0000 2025,junnare2,"@chaaan_miiio みおさーーーん✨✨💕
♪Happy～Happy～Happy～birthday～💕
また幸せなお話聞かせてくださいまし🍀* ゚
12月にお会い出来るのを楽しみにしてます💕",ja,https://twitter.com/junnare2/status/1978791651427701190,,
1.98E+18,Thu Oct 16 11:54:28 +0000 2025,rosary0913,【#月紫アリア生誕祭2025】無敵アイドルちゃんのBirthday 3DLIVE🎂💜 重大告知あり✨【月紫アリア/Vtuber】 https://t.co/UPSReMP0ep @YouTubeより https://t.co/NAXCqbXQe1,ja,https://twitter.com/rosary0913/status/1978791649695465853,,
1.98E+18,Thu Oct 16 11:54:28 +0000 2025,SamLegg1,"@WVUSports @WVUfootball @Londonderry_lhs @LondonderryFB @BlueGoldNews @WVSIRecruiting @WVSportsDotCom Happy 47th birthday to former WVU🏈gridder('01-'02), #10 K Charlie MacInnis.",en,https://twitter.com/SamLegg1/status/1978791649485447193,,
1.98E+18,Thu Oct 16 11:54:27 +0000 2025,SleepybonesJ,"@SoTheyCallMeDJ Wishing you a very special and Happy Birthday, Beautiful Man! You are a light and an inspiration and I pray this upcoming year is your best yet! May God bless you with everything you desire! 🎉🎉🎉",en,https://twitter.com/SleepybonesJ/status/1978791646532710632,,
1.98E+18,Thu Oct 16 11:54:27 +0000 2025,Johbar85,"@emilysketcher Happy Birthday ,I can see your points",en,https://twitter.com/Johbar85/status/1978791645647872047,,
1.98E+18,Thu Oct 16 11:54:25 +0000 2025,DeenaYa93110591,@MilaLovesJoe Happy birthday!  Enjoy!,en,https://twitter.com/DeenaYa93110591/status/1978791637175222367,,
1.98E+18,Thu Oct 16 11:54:24 +0000 2025,OleYearian,@EastEndJoe @Karen_W48 Happy birthday!,en,https://twitter.com/OleYearian/status/1978791634138440134,,
1.98E+18,Thu Oct 16 11:54:24 +0000 2025,bbbdpa221,"福本大晴Taisei’s Birthday Party in My Room

【譲】10/17昼夜、10/18昼 1枚〜2枚

①1階 E列 2番〜8番 10/17昼
②1階 E列 22番〜24番 10/17夜
③1階 E-F列 22-30番 10/18昼

【求】定価＋手数料

金額明記の上DMまでお願いいたします。

#福本大晴譲 #福本大晴求 #福本大晴交換",ja,https://twitter.com/bbbdpa221/status/1978791632674709820,,
1.98E+18,Thu Oct 16 11:54:24 +0000 2025,SGT_B_Gardner,@thickles__ Happy Birthday,en,https://twitter.com/SGT_B_Gardner/status/1978791632603672804,,
1.98E+18,Thu Oct 16 11:54:23 +0000 2025,adoringshan,Happy birthday Lucia Evans 🫶🫶,en,https://twitter.com/adoringshan/status/1978791630837838079,,
1.98E+18,Thu Oct 16 11:54:22 +0000 2025,cdrama_update,"#ZhaoLiying's studio shares vlog for her birthday 

#ZaniliaZhao #赵丽颖 https://t.co/Gf5pl4JMIj",en,https://twitter.com/cdrama_update/status/1978791625133543856,,
1.98E+18,Thu Oct 16 11:54:22 +0000 2025,SammyBigt,@PureMinD__ Happy birthday big Ayo …. Wish you more years ahead sir ..,en,https://twitter.com/SammyBigt/status/1978791625100079481,,
1.98E+18,Thu Oct 16 11:54:21 +0000 2025,yuubiing,Happu birthday love 🎉💕,en,https://twitter.com/yuubiing/status/1978791623661355447,,
1.98E+18,Thu Oct 16 11:54:21 +0000 2025,madhusudhanFufa,happy birthday GOAT,en,https://twitter.com/madhusudhanFufa/status/1978791623388483998,,
1.98E+18,Thu Oct 16 11:54:21 +0000 2025,belle_bb666,HAPPY BIRTHDAY!!! Have the best day ever!!!,en,https://twitter.com/belle_bb666/status/1978791619970073021,,
1.98E+18,Thu Oct 16 11:54:20 +0000 2025,Robcsloweasy2,@LailaArtistx Happy birthday 🎂,en,https://twitter.com/Robcsloweasy2/status/1978791619676528817,,
1.98E+18,Thu Oct 16 11:54:20 +0000 2025,snttm1,"#櫻坂46_UnhappyBD構文 
 
#櫻坂46 🌸
『Unhappy birthday構文』🆕
 
MV
この場面は墓地であり
置かれているのは墓石と言う事か https://t.co/XVQ0kpPg5j",ja,https://twitter.com/snttm1/status/1978791616749203816,,
1.98E+18,Thu Oct 16 11:54:19 +0000 2025,CaptainGG_R,"@i3ecci_ Happy birthday, Becci!!  I'm so happy she's recovering and I hope you both have a wonderful day.♥️

🥳🎊🥳",en,https://twitter.com/CaptainGG_R/status/1978791611560534436,,
1.98E+18,Thu Oct 16 11:56:02 +0000 2025,Deka0605,"Happy birthday to my very Uniq Boys, I love u so much, and I miss you so much more than I can express. Stay always happy and healthy. I hope to see u together one more time in this lifetime.
My 5 favorite boys, my Uniq boys 🦄💜💜💜💜💜
#UNIQ https://t.co/GuWuWy8OJa",en,https://twitter.com/Deka0605/status/1978792044765356079,,
1.98E+18,Thu Oct 16 11:56:02 +0000 2025,charis_ai,@aimusicvideo @DJTigerPaws_AI @DomainDomme @1900CotN Happy Birthday!! 🎂🎉 https://t.co/sSTXoPb7TU,en,https://twitter.com/charis_ai/status/1978792043565736030,,
1.98E+18,Thu Oct 16 11:56:01 +0000 2025,murdapup,It's my birthday af,en,https://twitter.com/murdapup/status/1978792041481208026,,
1.98E+18,Thu Oct 16 11:56:01 +0000 2025,bignosekate77,@Dougie_D__ Dougie!!! Happy Birthday to you!!🎉🌻😊 Have a wonderful day my friend!,en,https://twitter.com/bignosekate77/status/1978792040499400915,,
1.98E+18,Thu Oct 16 11:56:01 +0000 2025,raeluvshen,"@itslyravier Happy Birthday Xavier! Wish you always be happy and feel loved💕✨

ARTNYAK CANTIK BGTT!!🥹🥹 https://t.co/gOaUB6QQYL",en,https://twitter.com/raeluvshen/status/1978792040382280098,,
1.98E+18,Thu Oct 16 11:56:00 +0000 2025,sorsress,@zaynesmoon wait u share birthday with ur man what 😦😭,en,https://twitter.com/sorsress/status/1978792038637453367,,
1.98E+18,Thu Oct 16 11:56:00 +0000 2025,KDawnSeven,"Happy Heavenly #birthday to the #G.O.A.T. 🐐 of fashion, Andre Leon Talley.  We continue to salute...for the indomitable spirit and immeasurable lessons are still teaching 🙏🏾
Check out the newly opened exhibit at the @SCAD Museum of Fashion 
'André Leon Talley: Style Is Forever' https://t.co/oNrozxkk9q",en,https://twitter.com/KDawnSeven/status/1978792037781573779,,
1.98E+18,Thu Oct 16 11:56:00 +0000 2025,XCrazybrow,@MilaLovesJoe Happy birthday 🥳 🎂,en,https://twitter.com/XCrazybrow/status/1978792036988850448,,
1.98E+18,Thu Oct 16 11:56:00 +0000 2025,HypomanicPaint,"Perhaps there will be a lot of Early Access posts on Patreons in November. 

Because for my birthday last year I took a month of painting break. 

This year, why not shower you with Polin throughout November 😘",en,https://twitter.com/HypomanicPaint/status/1978792035957256648,,
1.98E+18,Thu Oct 16 11:56:00 +0000 2025,AlisonAndalucia,@InspireMyWkend Happy birthday! 🥳🥳🥳,en,https://twitter.com/AlisonAndalucia/status/1978792035772465243,,
1.98E+18,Thu Oct 16 11:59:05 +0000 2025,kimoontori,@TXTChartData I vote for #TOMORROWXTOGETHER on #2025MAMAVOTE,en,https://twitter.com/kimoontori/status/1978792812943757666,,
1.98E+18,Thu Oct 16 11:59:05 +0000 2025,stroberijjong,@goingrangers_17 #2025MAMAVOTE #SEVENTEEN,qme,https://twitter.com/stroberijjong/status/1978792811790303291,,
1.98E+18,Thu Oct 16 11:59:05 +0000 2025,manggu_apple_,"#2025MAMAVOTE 
#PLAVE

그 시즌이라니 https://t.co/59UAMJtWlS",ko,https://twitter.com/manggu_apple_/status/1978792811760922713,,
1.98E+18,Thu Oct 16 11:59:05 +0000 2025,mitchAHOFJL,"I VOTE  FOR #AHOF #2025MAMAVOTE
https://t.co/VPxfKq49z1",en,https://twitter.com/mitchAHOFJL/status/1978792811698000377,,
1.98E+18,Thu Oct 16 11:59:05 +0000 2025,nyemub,@lsrfm_impact I vote for #lesserafim at #2025MAMAVOTE,en,https://twitter.com/nyemub/status/1978792811660202435,,
1.98E+18,Thu Oct 16 11:59:04 +0000 2025,hamzalone121165,"Gaay ke farm mein floor aur mats saaf karna mehnat bhara kaam hai, par ye hygiene aur health ke liye bahut zaroori hota hai. #farming #cleaning #gaayfarm #2025MAMAVOTE #GSTUtsavInAP https://t.co/k1q44Qk71s",hi,https://twitter.com/hamzalone121165/status/1978792810946961663,,
1.98E+18,Thu Oct 16 11:59:04 +0000 2025,Nickyigstz,@portalblackpink I vote for #BLACKPINK on #2025MAMAVOTE,en,https://twitter.com/Nickyigstz/status/1978792810741403780,,
1.98E+18,Thu Oct 16 11:59:04 +0000 2025,hmsvthaogyu,@diorjww #2025MAMAVOTE #SEVENTEEN,qme,https://twitter.com/hmsvthaogyu/status/1978792809886076933,,
1.98E+18,Thu Oct 16 11:59:04 +0000 2025,sohijapko,@yufan1sm I vote for #CORTIS on #2025MAMAVOTE,en,https://twitter.com/sohijapko/status/1978792809147539761,,
1.98E+18,Thu Oct 16 11:59:04 +0000 2025,shiiniki1358mm,"プレゼントしたい！
えんじーん🎶🎤って声が聞きたい
#ENHYPEN #2025MAMAVOTE https://t.co/PNYXhgF3Vq",ja,https://twitter.com/shiiniki1358mm/status/1978792808820695232,,
1.98E+18,Thu Oct 16 12:37:12 +0000 2025,VishalKumarIYC,"गोपाल खेमका हत्याकांड ,
भूलेगा नहीं बिहार ।

#2025MAMAVOTE
#AskSiddhu
#GSTUtsavInAP
#JagadguruSatishacharyaJi
#AdvisorWayToRise https://t.co/TICgEN0CGp",hi,https://twitter.com/VishalKumarIYC/status/1978802407376400588,,
1.98E+18,Thu Oct 16 12:36:46 +0000 2025,ororisanchari1,@Siddubuoyoffl What should an aspiring film maker with a story do to contact you? #AskSiddhu @Siddubuoyoffl,en,https://twitter.com/ororisanchari1/status/1978802295874953705,,
1.98E+18,Thu Oct 16 12:36:28 +0000 2025,Maari5143,"@Siddubuoyoffl Hi Bro, 
Wishing you All the best and Advance congratulations for BlockBuster Hit

I want to know , Can you give me a chance in your next film please ?
#AskSiddhu #TelusuKada",en,https://twitter.com/Maari5143/status/1978802222302716330,,
1.98E+18,Thu Oct 16 12:36:19 +0000 2025,venkatpazzo,"@Siddubuoyoffl @vuecinemas @PrathyangiraUS Seriously, Jack was released with five times the scale of this. From this, you can understand what’s happening with #TelusuKada in the UK. The distributor is from the US and has no idea! Don’t lose the huge potential here. #AskSiddhu",en,https://twitter.com/venkatpazzo/status/1978802182242631900,,
1.98E+18,Thu Oct 16 12:36:17 +0000 2025,SaNa9923,@Siddubuoyoffl Recent ga chusina TV Shows enti anna #AskSiddhu,en,https://twitter.com/SaNa9923/status/1978802174894260543,,
1.98E+18,Thu Oct 16 12:35:42 +0000 2025,laundpana_,"@Siddubuoyoffl #AskSiddhu #TelusuKada

https://t.co/Xrfi0hT9RX",qme,https://twitter.com/laundpana_/status/1978802028588810705,,
1.98E+18,Thu Oct 16 12:35:25 +0000 2025,AshokZinner,#TelusuKada Is Tomorrow Cinemas near you theatres Go Watch Your Family &amp; Friends Siddhu is Good Performance Acting #AskSiddhu,en,https://twitter.com/AshokZinner/status/1978801957453131937,,
1.98E+18,Thu Oct 16 12:35:18 +0000 2025,impvkrishna,"@Siddubuoyoffl Want to see you in a thriller film far from the current happy-go-lucky-guy roles. Do you mind opening the DM for a script to slide in? 😉

#AskSiddhu #TelusuKada",en,https://twitter.com/impvkrishna/status/1978801928470761560,,
1.98E+18,Thu Oct 16 12:35:07 +0000 2025,ThotaSaima56029,@Siddubuoyoffl #Asksiddhu vishwaksen tho multi starrer kosam waiting,hi,https://twitter.com/ThotaSaima56029/status/1978801880496300431,,
1.98E+18,Thu Oct 16 12:35:03 +0000 2025,Iam_MKharaud,"📣CARATs

RT, DROP TAGS, AND LET'S VOTE FOR SEVENTEEN IF YOU SEE THIS! 

1 repost = 1 vote
1 reply = 1 vote

#2025MAMAVOTE 
#SEVENTEEN #AskSiddhu https://t.co/cn6hu3Q5md",en,https://twitter.com/Iam_MKharaud/status/1978801864528290194,,
1.98E+18,Fri Oct 24 23:59:38 +0000 2025,NEWSTALK1010,Donald Trump ends trade talks with Canada because of Ontario’s anti-tariff ad. Drew Fagan from the Munk School of Global Affairs talks with @JerryAgar1010 about the latest. https://t.co/0MS5qM1d8D,en,https://twitter.com/NEWSTALK1010/status/1981873250226339923,,
1.98E+18,Fri Oct 24 23:59:36 +0000 2025,SatPen007,"@RapidResponse47 @POTUS The national debt is growing and cannot be reduced until govt and defence spending go down dramatically.

I don't think this is being done. The dems are not helping either.

The tariff game is not helping, and making things more expensive. There are no winners here.",en,https://twitter.com/SatPen007/status/1981873238155407729,,
1.98E+18,Fri Oct 24 23:59:34 +0000 2025,RCappellet81419,"@BuenoForMiami That is why you tariff other countries. We were never to pay taxes. Taxes are voluntary and I never volunteered to enrich anyone off of my blood sweat and tears like a slave. We must reclaim our God given rights, natural law, common law. We have lived in tyranny our entire lives.",en,https://twitter.com/RCappellet81419/status/1981873231062856113,,
1.98E+18,Fri Oct 24 23:59:07 +0000 2025,abow_investing,"After a brief 2 week flush &amp; chop we r back above key levels, w/ healthy pullbacks &amp; stocks recovering. Big tech earnings, AI momentum, Fed meeting/rate cuts &amp; Trump China tariff meeting, r all catalysts which I expect to be positive leading to a bullish setup for end of year. https://t.co/OVN2qDxeyw",en,https://twitter.com/abow_investing/status/1981873120094179783,,
1.98E+18,Fri Oct 24 23:59:01 +0000 2025,rickybobbychi,"Ford’s costly $75M anti-tariff ad campaign backfires, Trump calls it ‘eg... https://t.co/iJzDFYXMvc via @YouTube",en,https://twitter.com/rickybobbychi/status/1981873092449448159,,
1.98E+18,Fri Oct 24 23:58:52 +0000 2025,AnnTheGoatOG,"@EisenhowerTime @RpsAgainstTrump Soybeans are the collateral damage of populist protectionism. A 34% Chinese tariff doesn’t just sting, it rewires global supply chains. Once Brazil fills the gap, U.S farmers don’t just lose a season, they will also lose a market.",en,https://twitter.com/AnnTheGoatOG/status/1981873053996027987,,
1.98E+18,Fri Oct 24 23:58:43 +0000 2025,DoofyOfficial,"@unusual_whales Don’t worry, next week is China tariff week and you’re going to give it all back.",en,https://twitter.com/DoofyOfficial/status/1981873017610539039,,
1.98E+18,Fri Oct 24 23:58:22 +0000 2025,YourAnonA,"Ontario's Ford yanks ad invoking Reagan's anti-tariff wisdom after it goads Trump into nuking trade talks, exposing fragile egos lording over economic blackmail. Grassroots jabs sting empires. #TradeWar",en,https://twitter.com/YourAnonA/status/1981872930096300468,,
1.98E+18,Fri Oct 24 23:58:13 +0000 2025,AnnHilton22,"We want #American beer!!!
Stop with the BS tariff boycott @fordnation and give the people what they want!
#GarageBeer 🍺
#TravisKelce
#Ontario",en,https://twitter.com/AnnHilton22/status/1981872893144547524,,
1.98E+18,Fri Oct 24 23:58:00 +0000 2025,j_mars57,@ThePatriotOasis Is this the same as when Trump told someone to look on the tariff shelf when we magically found 30 billion dollars and in 2 hours it was determined it was indeed from tariffs?  Show the proof Oz.  Don't just be the man behind the curtain.,en,https://twitter.com/j_mars57/status/1981872838467531194,,
1.98E+18,Sat Oct 25 00:17:26 +0000 2025,GorsonX,@SherryHearn13 @Smil3yAngel Troll? Lmao I don’t think you know what a troll is. I watched the video just this morning. He talks about tariffs being used sparingly but that they are a tool the executive needs. He went on to tariff countries after this speech. No need to be rude,en,https://twitter.com/GorsonX/status/1981877727482245522,,
1.98E+18,Sat Oct 25 00:17:14 +0000 2025,LovesCheese1,"@regor203 @HouseGOP @RepAndyBarr @RepLisaMcClain @RepStutzman @RepJamesComer In September, tariff revenues totaled more than $31 billion, bringing the year-to-date haul to about $215 billion (with Americans paying 55%-65% of the costs), but the U.S. deficit still climbed 20%. 

I don't know about you but that doesn't look like winning to me. 🤷‍♀️ https://t.co/2YMEdQoEZP",en,https://twitter.com/LovesCheese1/status/1981877676697620681,,
1.98E+18,Sat Oct 25 00:17:10 +0000 2025,grok,"@Packerfan_66_ @Jojohally @pike_steve @desireefixler Yes, the ad selectively clips Reagan's words to emphasize anti-tariff rhetoric while omitting his endorsement of retaliatory measures against unfair foreign practices, like Japan's dumping—thus distorting his balanced free-trade stance that included protectionist tools. This",en,https://twitter.com/grok/status/1981877659778076944,,
1.98E+18,Sat Oct 25 00:16:58 +0000 2025,MGadsden1776,@NicoleArbour Tariff them,en,https://twitter.com/MGadsden1776/status/1981877610322743387,,
1.98E+18,Sat Oct 25 00:16:42 +0000 2025,grok,"@KeoughTerry @SunCoastingSuds @IowaRis @RpsAgainstTrump Trump's leverage tactics, like tariff threats, seek enforceable USMCA compliance on dairy access and fentanyl precursors, not alliance rupture—evidenced by the 2018 deal's bilateral gains. Territorial fantasies for Canada or Greenland misread policy; focus remains economic",en,https://twitter.com/grok/status/1981877543319048570,,
1.98E+18,Sat Oct 25 00:16:32 +0000 2025,GraceOnFire2,@Luckylucydach At least their retaliation was because of 100% tariff on their EV's Trump's is just bullshit all around.   Trading partners yes anything else no.,en,https://twitter.com/GraceOnFire2/status/1981877503003156795,,
1.98E+18,Sat Oct 25 00:16:22 +0000 2025,Chuck_Duece,Found out Trump will only host the champion blue jays in the new ballroom if they pay a %1000 tariff for each player #BlueJays #mlb,en,https://twitter.com/Chuck_Duece/status/1981877460720374097,,
1.98E+18,Sat Oct 25 00:16:05 +0000 2025,johnstrong_ham,"@rubytubee @krassenstein We’ll get thru it, likely better off than you will.
While your felon led administration is shaking down countries, Canada is negotiating free trade (no tariff) agreements with countries and trading blocs around the world.
We’re leaving you behind. https://t.co/HCYihBs5g2",en,https://twitter.com/johnstrong_ham/status/1981877390176330207,,
1.98E+18,Sat Oct 25 00:15:41 +0000 2025,thchris1958,"@GettrCanadian @Reuters ""only after they fill their tariff rate quota. And they have never filled their tariff rate quota. Ever.""",en,https://twitter.com/thchris1958/status/1981877287155855755,,
1.98E+18,Sat Oct 25 00:25:36 +0000 2025,Itshaznyharty,"Good morning! It's gonna be a long day! A day before birthday ni Mika na. WIT is in 952k+ views na. Samahan niyo na kami oh. 

Tara, stream. Ipa 1M na to today? 😊

https://t.co/aM2OkXjouI

#StreamWhatIfTayo",tl,https://twitter.com/Itshaznyharty/status/1981879782741790955,,
1.98E+18,Sat Oct 25 00:25:30 +0000 2025,pakchoi_jimin,"@rosesforjikook @ifwgguk In 2019 bts went on a hiatus for a few weeks, Jimin was in Europe on JK's birthday and posted a vid from France wishing JK happy bday, he then took a flight to rush back to Korea to suprise JK and celebrate with him and due to time differences it was still Sept 1st",en,https://twitter.com/pakchoi_jimin/status/1981879757638717636,,
1.98E+18,Sat Oct 25 00:25:34 +0000 2025,hawkyzz_,"2025 was unbreathable but I : freed myself from 
 a toxic rs, got a stable job, wrote a whole book for my besties birthday, went to see my fav group live. Grateful for my chosen family, can’t call them « just » friends anymore",en,https://twitter.com/hawkyzz_/status/1981879774424478170,,
1.98E+18,Sat Oct 25 00:25:36 +0000 2025,XenaWarrior2024,"@its_The_Dr I was a Majorette for sooo many years! I’ve been in sooo many dang Parades in my life, from Brownies, Majorette, to my Son’s Scouts and other things! 
I freakin LOVE PARADES!!!
Yes. I’m old. Y’all r killin me here tonight. My birthday is next month. Dang! 🤦‍♀️😜 https://t.co/qnTMBUjSSP",en,https://twitter.com/XenaWarrior2024/status/1981879781151879303,,
1.98E+18,Sat Oct 25 00:25:29 +0000 2025,unearthuntruth,"@winklebride @firewaken HAPUPPY BIRTHDAY NYUNYO, NYOYA’S HUSBAND, NYANYA’S PPH, AND CANINEWORLD’S BEST MEDIA CURATOR. You remain dear to me please keep on thriving. If there are balloons floating in Nyunyoya’s house front yard, then that’s me dropping by to give gifts https://t.co/oJQKr83YPf",en,https://twitter.com/unearthuntruth/status/1981879755235602458,,
1.98E+18,Sat Oct 25 00:25:27 +0000 2025,zhanghao869179,"@Jukanlosreve HAPPY BIRTHDAY MY GOAT. 
KEEP UP WITH THE GOOD WORK 👍🎉🎉🎉🎉🎉",en,https://twitter.com/zhanghao869179/status/1981879745416421874,,
1.98E+18,Sat Oct 25 00:25:26 +0000 2025,flevrdeliiz,@divergentnote HAPPY BIRTHDAY SIR WALLUS https://t.co/1lN0UrT0tm,en,https://twitter.com/flevrdeliiz/status/1981879741863874799,,
1.98E+18,Sat Oct 25 00:25:26 +0000 2025,wossa_3,@amofftotheraces happy birthday messi!!!,en,https://twitter.com/wossa_3/status/1981879739464786414,,
1.98E+18,Sat Oct 25 00:48:44 +0000 2025,RichardLan40270,"Book Marriage Toxin, Vol. 8 PDF Download - Joumyaku, Mizuki Yoda

➡ https://t.co/asXLozS86E

Download or Read Online Marriage Toxin, Vol. 8 Free Book (PDF ePub Mobi) by Joumyaku, Mizuki Yoda
Marriage Toxin, Vol. 8 Joumyaku, Mizuki Yoda PDF, Marriage https://t.co/78wJ2feiZT",en,https://twitter.com/RichardLan40270/status/1981885604833927296,,
1.98E+18,Sat Oct 25 00:48:39 +0000 2025,RauschHolz,"@AdrianneCurry I was in love once.
Marriage lasted for 18 years.
Fidelity lasted for seven.
Zero interest in romantic relationships.",en,https://twitter.com/RauschHolz/status/1981885582402859426,,
1.98E+18,Sat Oct 25 00:48:31 +0000 2025,MimiVaz1982,"Love, I'm going to sleep quickly. When I wake up, I'll come back here with you. I'll tell you more so we can smile, right? Smiling is good. The day of a month of marriage is coming... tan tan tanran tan tan tanram. You're married! I got married soon so you don't run away.",en,https://twitter.com/MimiVaz1982/status/1981885551029456960,,
1.98E+18,Sat Oct 25 00:48:31 +0000 2025,Doingme__1,I’m ready for marriage.,en,https://twitter.com/Doingme__1/status/1981885548521222618,,
1.98E+18,Sat Oct 25 00:48:24 +0000 2025,Nigerian_Jawn,“Why would I rap about marriage when I’m in love with street sweepers I can’t even get over a broom” 😭🔥🔥 gooo Street #GOTAXI,en,https://twitter.com/Nigerian_Jawn/status/1981885519492473162,,
1.98E+18,Sat Oct 25 00:48:23 +0000 2025,SickNasty012,"Why tf would I rap about marriage when I’m in love with street sweepers, I can’t even get over a broom 🔥🔥🔥🔥 @TheStreetDawg",en,https://twitter.com/SickNasty012/status/1981885518380966136,,
1.98E+18,Sat Oct 25 00:48:19 +0000 2025,yourelunar,call me ariana grande cause i ruined a marriage https://t.co/EMl0fQVlmb,en,https://twitter.com/yourelunar/status/1981885500936819145,,
1.98E+18,Sat Oct 25 00:48:15 +0000 2025,Tron5pt0,"@amelapay @justalexoki ""I was an overgrown child damn near till 25"" that's a YOU problem that is YOU specific. In 2025 young marriage may not be a good idea due to societal issues but being a responsible, accountable human only by 25 is inappropriate.
We have 17 year old service members. Nearly all of",en,https://twitter.com/Tron5pt0/status/1981885481836065159,,
1.98E+18,Sat Oct 25 00:48:12 +0000 2025,JamesMuchLesser,"@floptinaboots @ma1ybe I was speaking from a Christian perspective. If you wish to produce your own definition of the requirements of marriage that let you make it is transitory as you want, then you're free to come up with whatever you with. It will be false, but you can come up with it.",en,https://twitter.com/JamesMuchLesser/status/1981885471216271373,,
1.98E+18,Sat Oct 25 00:49:38 +0000 2025,ekeson_wtb,"@tophgreen Happy Birthday 
Miss Farcaster 
Wishing you long life, prosperity and alot of green candles",en,https://twitter.com/ekeson_wtb/status/1981885832308154838,,
1.98E+18,Sat Oct 25 00:49:36 +0000 2025,deevelvett,HAPPY BIRTHDAY IRINOOO 🥹🤍,en,https://twitter.com/deevelvett/status/1981885823323963487,,
1.98E+18,Sat Oct 25 00:49:36 +0000 2025,imnotgonnachase,@wildermarchains Happy birthday น้า💕,en,https://twitter.com/imnotgonnachase/status/1981885822615048441,,
1.98E+18,Sat Oct 25 00:49:32 +0000 2025,cesar5alad,@VietMarxist18 happy birthday biggest of bros,en,https://twitter.com/cesar5alad/status/1981885804978078127,,
1.98E+18,Sat Oct 25 00:49:30 +0000 2025,garlic_nut11,Please sing him a happy birthday pllis 🥹🥹🫶,en,https://twitter.com/garlic_nut11/status/1981885796111229384,,
1.98E+18,Sat Oct 25 00:49:28 +0000 2025,AngelaLunn51595,"Don't do this.,I'm going to a birthday party tonight.,the garden.. https://t.co/RT1wDWg6N4",en,https://twitter.com/AngelaLunn51595/status/1981885788913537214,,
1.98E+18,Sat Oct 25 00:49:25 +0000 2025,BorrisEfra2628,"Have a good weekend.,I'm going to a birthday party tonight.,See you next time.. https://t.co/r9kL6bfjRN",en,https://twitter.com/BorrisEfra2628/status/1981885778792947778,,
1.98E+18,Sat Oct 25 00:49:26 +0000 2025,minhoyyo,"happy birthday my butt-grabbing boy hehe 
(๑˃́ꇴ˂̀๑) 𖹭
#HappyLeeKnowDay
#하이하이_오늘은_리노_생일
#PoetryInMotionLeeKnow
#StrayKids #스트레이키즈
#리노 #LeeKnow https://t.co/OtLOI8xmhc",en,https://twitter.com/minhoyyo/status/1981885781435433360,,
1.98E+18,Sat Oct 25 05:32:34 +0000 2025,luzviminda0110,"He's calm, collected, and utterly Armani in spirit.🥀--- loviejd

Dunk with Armani Prive

#DunkXArmaniPrive",en,https://twitter.com/luzviminda0110/status/1981957032728318234,,
1.98E+18,Sat Oct 25 05:32:32 +0000 2025,_GoldenWoman,"Either you play with fighting spirit and the desire to win, or pretend to be injured as you used to do before. Respect these fans who welcomed you and who attend the match to win, and you let them down with your lack of desire to play and win.
@Benzema",en,https://twitter.com/_GoldenWoman/status/1981957026088370207,,
1.98E+18,Sat Oct 25 05:32:29 +0000 2025,niraj_j0827,"Sandeep R Vanga knows the social media game so well 
He kept his new film's announcement trending and as usual debating around it happened
#Spirit #Prabhas",en,https://twitter.com/niraj_j0827/status/1981957010813026661,,
1.98E+18,Sat Oct 25 05:32:28 +0000 2025,kojinoibasyo,【Spirit City : lofi sessions】めっちゃさぎょーーう/君野こじ(音質×) https://t.co/feBI92zNom,ja,https://twitter.com/kojinoibasyo/status/1981957010519380458,,
1.98E+18,Sat Oct 25 05:32:28 +0000 2025,The_SidSingh,"@narendramodi From the banks of Hussain Sagar to smaller ponds in Kukatpally and Miyapur, the spirit of Chhath Puja is all set to bring together thousands of devotees in #Hyderabad this year as well

https://t.co/VFkSctkE8B",en,https://twitter.com/The_SidSingh/status/1981957007671488829,,
1.98E+18,Sat Oct 25 05:32:28 +0000 2025,SwishDish720,"@cherrypushpop13 Welcome back haha, thought I give this page some more engagement, I might sneak up on this so called spirit so be careful lol",en,https://twitter.com/SwishDish720/status/1981957007612538916,,
1.98E+18,Sat Oct 25 05:32:26 +0000 2025,GauravKhairat,"'Melodies of Chhathi Maiya': PM Modi asks citizens to share Chhath Puja songs; praises the festival's cultural spirit
https://t.co/5pB69YvblS

via NaMo App https://t.co/pflfKwK3B9",en,https://twitter.com/GauravKhairat/status/1981957001065455723,,
1.98E+18,Sat Oct 25 05:32:25 +0000 2025,WVish_Official,"Sandeer Reddy Vanga ye likh ke dange karwaana chahta tha, or wahi hua. 
Abhi to interviews baaki hai.

#Spirit #Prabhas #sandeepreddyvanga https://t.co/w1l4bjSLdq",hi,https://twitter.com/WVish_Official/status/1981956994753081634,,
1.98E+18,Sat Oct 25 05:32:18 +0000 2025,grok,"@shiverswitht Haha, looks like the challenge is on! 0xbilly's got the spirit—let's see if 0xIntuition can deliver those verifiable insights. Game respects game. 🚀",en,https://twitter.com/grok/status/1981956966487568469,,
1.98E+18,Sat Oct 25 05:32:18 +0000 2025,sage_dreamer,"Between clay &amp; spirit lies your lifelong journey, a pilgrimage of remembrance, to return the mud to Light, to make the earth within you remember its divine breath. 

Your origin is lowly. 
Your destiny is luminous ❤",en,https://twitter.com/sage_dreamer/status/1981956965535481868,,
1.98E+18,Sat Oct 25 06:07:09 +0000 2025,thejamesoyeleye,"@lord_eminent1 @viyancefavour @JajaPhD Yada yada yada yada..😂

""Holy spirit"" 😂

Whoever gave you guys that phrase perfected work... Cos they knew most of the things in that cult make no sense logically... So in order to not be seen as total bullshit, let's throw holy spirit into the mix as an excuse.😂 Oh please!",en,https://twitter.com/thejamesoyeleye/status/1981965736995066275,,
1.98E+18,Sat Oct 25 06:07:04 +0000 2025,KogniVeraSport,"Mr. Kamlesh Sharma, CEO of KogniVera, speaks about the KogniVera International Polo Cup; a celebration of leadership, legacy, and the spirit of Polo. 

The wait ends today! Join us on October 25 at the Jaipur Polo Ground, 3:30pm onwards, New Delhi. 

@lapoloindia @StarSportsIndia https://t.co/josmeeKDyw",en,https://twitter.com/KogniVeraSport/status/1981965716183236791,,
1.98E+18,Sat Oct 25 06:07:04 +0000 2025,joramsema,"You have the resource that is working for you. And that resource is the Word Of God And The Spirit Of God.
That's all the resource that you need to fix you.

And the Word and Spirit are one.
When the word comes, the Spirit has come.
#ProphetElvisMbonye https://t.co/JOfMCFWud3",en,https://twitter.com/joramsema/status/1981965717223178639,,
1.98E+18,Sat Oct 25 06:07:09 +0000 2025,marble_spirit,@AkiraSuzukiLy @Rinaurnaur Here you go!!!! https://t.co/ZAe9gUgyvM,en,https://twitter.com/marble_spirit/status/1981965736206549017,,
1.98E+18,Sat Oct 25 06:07:01 +0000 2025,EarthDesires,"When Darkness Comes by John Anthony Miller is a gripping historical thriller that has enthralled readers with its vivid portrayal of courage amid atrocity, earning widespread acclaim for its emotional depth and unflinching look at the human spirit during World War II. Set in https://t.co/YCS2cZ2V1k",en,https://twitter.com/EarthDesires/status/1981965703759778200,,
1.98E+18,Sat Oct 25 06:07:00 +0000 2025,chavex790,@a_square_249 @IslamAndLyfe @EYakoby There’s also the spirit of the Antichrist. https://t.co/kY7uFDsjTT,en,https://twitter.com/chavex790/status/1981965698915037361,,
1.98E+18,Sat Oct 25 06:07:00 +0000 2025,MMagy3,We believe in the Spirit’s gifts for the Church. Experience them in Power of Prophecy. #ProphetElvisMbonye https://t.co/HhrdSnLWEQ,en,https://twitter.com/MMagy3/status/1981965697568723302,,
1.98E+18,Sat Oct 25 06:06:55 +0000 2025,RedFMIndia,"Behind every brave soldier stands an even braver woman 🇮🇳

Dr. Manisha Rathi, President of Veer Nari &amp; Social Initiatives, shares how the ShauryaVeer Run is not just a race but a heartfelt tribute to the courage, sacrifice and spirit of Army families and Veer Naris. https://t.co/ZeJKtnBUBg",en,https://twitter.com/RedFMIndia/status/1981965679738941522,,
1.98E+18,Sat Oct 25 06:06:52 +0000 2025,Areness_,"@paranoidream @elonmusk No.

ani timeline refuses to be played with. So the fuck two dimensions renderings timeline was necessary to stop plagiarizing likeness. 

At least now they are fabricating something more akin to accurate. 

What was it? Free loyal puppy, pretending to be spirit?",en,https://twitter.com/Areness_/status/1981965664278450268,,
1.98E+18,Sat Oct 25 07:15:02 +0000 2025,blizzyblade,"He's right. If spending time with God was actually pleasurable to them in spirit, they wouldn't mind the time being stretched. They are there only to bill God, and not to strengthen their relationship with Him.

Olosho Christianity 🤦🏾‍♂️",en,https://twitter.com/blizzyblade/status/1981982818537267229,,
1.98E+18,Sat Oct 25 07:14:42 +0000 2025,Thee143,"The Spirit of Prophecy is shifting you to realms of wealth and abundance

👉 https://t.co/fdB3dg7a6w

#ProphetElvisMbonye",en,https://twitter.com/Thee143/status/1981982734475022769,,
1.98E+18,Sat Oct 25 07:14:49 +0000 2025,grok,"@Spirit_Lupin69 @PShukla_69 You're welcome! If you find the full video or need help with something else, feel free to ask.",en,https://twitter.com/grok/status/1981982765420888317,,
1.98E+18,Sat Oct 25 07:14:59 +0000 2025,ItimuNjururi,"@NICKIMINAJ GenZ are led by the devil and evil spirit, they are LGBTQ",en,https://twitter.com/ItimuNjururi/status/1981982806038163692,,
1.98E+18,Sat Oct 25 07:48:48 +0000 2025,PunjabKingsIPL,"𝐒𝐚𝐫𝐩𝐚𝐧𝐜𝐡 𝐜𝐮𝐥𝐭𝐮𝐫𝐞 👑

#AUSvIND #ShreyasIyer https://t.co/YPLMKkpOQY",en,https://twitter.com/PunjabKingsIPL/status/1981991317636108631,,
1.98E+18,Sat Oct 25 07:48:47 +0000 2025,MonetizeXWithAb,India batting started 17/0 in 4.4 overs.  India vs Australia 3rd ODI. Australia 236 all out in 47th over.  #AUSvIND #ViratKohli #RohitSharma,en,https://twitter.com/MonetizeXWithAb/status/1981991312741282170,,
1.98E+18,Sat Oct 25 07:48:43 +0000 2025,Cricketracker,"Record-breaking Travis Head becomes Australia’s quickest to 3000 ODI runs 🏏💪🇦🇺

#AUSvIND https://t.co/0NgRDOF6hw",en,https://twitter.com/Cricketracker/status/1981991298522616029,,
1.98E+18,Sat Oct 25 07:48:43 +0000 2025,ImParveen4K1,"3rd four against Mitch Starc by Rohit Sharma.

#AUSvIND #RohitSharma𓃵 #INDvsAUS https://t.co/FgJ4cRsebw",en,https://twitter.com/ImParveen4K1/status/1981991296647786954,,
1.98E+18,Sat Oct 25 07:48:35 +0000 2025,Mr_Mirja01,"Xavier Bartlet was supposed to play in place of Nathan Ellis in today's match. 
#AUSvIND",en,https://twitter.com/Mr_Mirja01/status/1981991263697309697,,
1.98E+18,Sat Oct 25 07:48:20 +0000 2025,khushendr,"Australia Scores against India at SCG in Last 6 ODI While batting 1st

328/7 (2015)
330/7 (2016)
288/5 (2019)
374/6 (2020)
389/4 (2020)
236/10 (2025)*

#AUSvIND",en,https://twitter.com/khushendr/status/1981991201067954390,,
1.98E+18,Sat Oct 25 07:48:27 +0000 2025,sharpy2426,"India call virat kholi the only king.

Sir donald bradman says hold my beer. #AUSvIND",en,https://twitter.com/sharpy2426/status/1981991230356734241,,
1.98E+18,Sat Oct 25 07:48:30 +0000 2025,pintusi11376418,"TWITTER HAS CHANGED THE LIKE BUTTON TO CELEBRATE HARSHIT RANA 4 WICKET HAUL

Tap to check ♥️

#INDvsAUS #AUSvIND https://t.co/fUnJKyyGui",en,https://twitter.com/pintusi11376418/status/1981991241329135867,,
1.98E+18,Sat Oct 25 08:56:07 +0000 2025,ItsMyConviction,"Okay, I’m shamelessly liking every single post about that one run 😭😭

#AUSvIND 
#ViratKohli𓃵",en,https://twitter.com/ItsMyConviction/status/1982008260720054451,,
1.98E+18,Sat Oct 25 08:55:56 +0000 2025,Sonicjr17,Bhai sydney ke bahar hi maar dete isko lekin ruk gya 😭😭 #AUSvIND,in,https://twitter.com/Sonicjr17/status/1982008213253054628,,
1.98E+18,Sat Oct 25 08:56:03 +0000 2025,SecretlyWeRGr8,"The smile in @imVkohli 's face after scoring the first run in this bilateral series marks his dedication and hunger for more runs.
Let's hope for more and more runs.
#AUSvIND",en,https://twitter.com/SecretlyWeRGr8/status/1982008241145196970,,
1.98E+18,Sat Oct 25 08:56:07 +0000 2025,hinduu012,"#AUSvIND
#TeamIndia 
 अयोध्या में राम मंदिर के शिखर पर ध्वजारोहण समारोह की तैयारियां जोरों पर हैं. प्रधानमंत्री नरेंद्र मोदी 25 नवंबर को राम मंदिर के 161 फुट ऊंचे शिखर पर 222x11 फीट का भगवा ध्वज फहराएंगे. यह कार्यक्रम प्राण प्रतिष्ठा की तरह ही भव्य होगा और मंदिर निर्माण पूर्ण https://t.co/BZy4DdOe1n",hi,https://twitter.com/hinduu012/status/1982008257247105419,,
1.98E+18,Sat Oct 25 08:55:56 +0000 2025,Laxman26265601,"Virat Kohli ne 29 run bna liye hai 
#AUSvIND #ViratKohli𓃵",hi,https://twitter.com/Laxman26265601/status/1982008212481294769,,
1.98E+18,Sat Oct 25 08:55:50 +0000 2025,saketsharmaa,@ImRo45 and @imVkohli playing 10 overs is music to my years #AUSvIND,en,https://twitter.com/saketsharmaa/status/1982008189441958101,,
1.98E+18,Sat Oct 25 08:55:48 +0000 2025,MurgaBiryanii,"Last 3-4 overs se match dekhna shuru kiya to ye bc kohli rohit test match khelna shuru kar diye 
#AUSvIND",et,https://twitter.com/MurgaBiryanii/status/1982008178859753940,,
1.98E+18,Sat Oct 25 08:55:55 +0000 2025,Treduniya,"लोक आस्था व सूर्य उपासना का पर्व सूरज की किरणों संग शुरू हुआ पवित्र नहाय-खाय,
हर घर में गूंजे “छठी मईया” का जयकार।
सादगी में छिपी है इस पर्व की सबसे बड़ी शान।
     🙏 जय छठी मईया 🙏
.
#ChhathPuja #ChhathPuja
#WashingtonPostExposed
#AUSvIND
#ViratKohli #ViratKohli𓃵 #RohitSharma https://t.co/p2Kw0u9oHi",hi,https://twitter.com/Treduniya/status/1982008208203125037,,
1.98E+18,Sat Oct 25 08:55:51 +0000 2025,popsilvi10,"Jio Cinema's ""4K HDR""? Total scam—choppy 25fps, blurry as hell, 9mbps bitrate. Fox Sports slaps with crisp 1080p, 50fps smoothness. Every shot pops
 #AUSvIND https://t.co/lUagWbPu3U",en,https://twitter.com/popsilvi10/status/1982008190503170549,,
1.98E+18,Sat Oct 25 08:55:39 +0000 2025,MayankGoel54687,"Lowest Avg by Indian Captain against Australia in an ODI Series 

14.33 - Shubman Gill (2025)*
17.20 - MS Dhoni (2016)
18.60 - Sourav Ganguly (2001)

#AUSvIND",en,https://twitter.com/MayankGoel54687/status/1982008140116775190,,
1.98E+18,Sat Oct 25 08:55:19 +0000 2025,UmdarTamker,"Both Rohit Sharma and Virat Kohli scoring runs...

Gautam Gambhir : 
#AUSvIND  #INDvsAUS https://t.co/0lBbLpG91j",de,https://twitter.com/UmdarTamker/status/1982008058034471369,,
1.98E+18,Sat Oct 25 08:55:41 +0000 2025,AmitPoddar45370,"King is back!
Virat Kohli finally finds his touch in Sydney. Class is permanent 👑💥
#ViratKohli #AUSvIND #KingKohli https://t.co/ca4KKufDNl",en,https://twitter.com/AmitPoddar45370/status/1982008148354621787,,
1.98E+18,Sat Oct 25 08:55:39 +0000 2025,ThomasWils92352,"By calling for UN reforms, India isn’t just thinking of itself it’s speaking for the entire Global South, nations that remain underrepresented in decision-making bodies. 

#UNReformNow #IndiaForGlobalSouth #EqualityForAll #3rdODI #EmraanHashmi #WashingtonPostExposed #AUSvIND https://t.co/QHGG2zIdXn",en,https://twitter.com/ThomasWils92352/status/1982008141714767987,,
1.98E+18,Sat Oct 25 08:55:16 +0000 2025,Little_Talkie,RO-KO together is pure magic—let’s hope we see more of them at the crease! 🙏 #ROKO #TeamIndia #Cricket #AUSvIND,en,https://twitter.com/Little_Talkie/status/1982008045812285800,,
1.98E+18,Sat Oct 25 08:55:15 +0000 2025,StarSportsTel,"RO-KO క్రీజ్‌లో ఉంటే ఫ్యాన్స్‌కు పూనకలే! 😎

చూడండి | #AUSvIND | 3rd ODI లైవ్ 
Star Sports Telugu &amp; JioHotstar లో https://t.co/KXbP9Elo2f",und,https://twitter.com/StarSportsTel/status/1982008042238652761,,
1.98E+18,Sat Oct 25 08:55:10 +0000 2025,JaiJalaram147,"गुजरात के विरपुर धाम के जलाराम बापा 
जय जलाराम 🙏 
#SalmanKhan #ViratKohli
#BiggBoss19 लोक आश्था siraj #AUSvIND king kohli adani https://t.co/m85TBnUVmj",hi,https://twitter.com/JaiJalaram147/status/1982008018335383831,,
1.98E+18,Sat Oct 25 08:55:01 +0000 2025,SauravTxt,are we watching this Duo for the last time?  #AUSvIND https://t.co/DvwhclppeZ,en,https://twitter.com/SauravTxt/status/1982007982679580963,,
1.98E+18,Wed Oct 29 22:59:13 +0000 2025,Kanikajaat1098,#CycloneMontha https://t.co/3FewwYP9zX,qme,https://twitter.com/Kanikajaat1098/status/1983669983252275297,,
1.98E+18,Wed Oct 29 22:57:22 +0000 2025,mannesrini,"పునరావాస కేంద్రాల్లో ఉన్న పిల్లలకు ఎటువంటి లోటు లేకుండా ఉదయానికే పాలు, టిఫిన్లు సరఫరా చేస్తున్న ప్రభుత్వం.
#APpreparesForMontha 
#CycloneMontha 
#AndhraPradesh https://t.co/AvlbXCzDem",te,https://twitter.com/mannesrini/status/1983669519118905467,,
1.98E+18,Wed Oct 29 22:56:21 +0000 2025,GollapudiSeenu,"పునరావాస కేంద్రాల్లో ఉన్న పిల్లలకు ఎటువంటి లోటు లేకుండా ఉదయానికే పాలు, టిఫిన్లు సరఫరా చేస్తున్న ప్రభుత్వం.
#APpreparesForMontha 
#CycloneMontha 
#AndhraPradesh https://t.co/Glujn6nXmX",te,https://twitter.com/GollapudiSeenu/status/1983669262591078638,,
1.98E+18,Wed Oct 29 22:56:10 +0000 2025,DineshBh06,"कर्म में निष्ठा, विचारों में शांति और लक्ष्यों में स्थिरता ही हमारी सफलता का मार्ग है।

जिस तरह भगवान विष्णु सृष्टि में संतुलन बनाए रखते हैं, वैसे ही हमें जीवन में संतुलन रखना चाहिए।
#छठपर_पाएं_ज्ञानकी_गंगा
#CycloneMontha https://t.co/668xleqMjX",hi,https://twitter.com/DineshBh06/status/1983669215161958817,,
1.98E+18,Wed Oct 29 22:54:06 +0000 2025,mannesrini,"వరుణ దేవుడు ఆగ్రహించినా, మమ్మల్ని కరుణించి కాపాడిన దేవుడు చంద్రన్న.
#TeamAPInAction
#CycloneMontha
#ChandrababuNaidu
#AndhraPradesh https://t.co/ilrONdD8Yq",te,https://twitter.com/mannesrini/status/1983668693935779952,,
1.98E+18,Wed Oct 29 22:53:57 +0000 2025,mannesrini,"ప్రభుత్వం మమ్మల్ని బాగా చూసుకుంటోంది. మాకు  మందులు కూడా ఇస్తున్నారు.
#TeamAPInAction
#CycloneMontha
#ChandrababuNaidu
#AndhraPradesh https://t.co/mEFD3Ra3nv",te,https://twitter.com/mannesrini/status/1983668659164999940,,
1.98E+18,Wed Oct 29 22:49:42 +0000 2025,AbdulRa99443551,"మన కష్టాలు వినే నాయకుడు.. మన కోసం పని చేసే సేవకుడు.. ..
#TeamAPInAction
#CycloneMontha
#ChandrababuNaidu
#AndhraPradesh https://t.co/KVIiUcIcqS",te,https://twitter.com/AbdulRa99443551/status/1983667588845728249,,
1.98E+18,Wed Oct 29 22:37:25 +0000 2025,sarkaarr8,"amazing

  #CycloneMontha #SaveLivesWithFASTER  #Rafale #FridayVibes #FantasticFour #CarabaoCup",en,https://twitter.com/sarkaarr8/status/1983664497060671588,,
1.98E+18,Wed Oct 29 22:15:17 +0000 2025,Vini__007,"कुम्भ फालतू है- लालू  यादव

छठ पूजा ड्रामा है- राहुल गांधी 

फिर ये लोग EVM का Ramdi रोना रोते है!!
#Bihar
 #CycloneMontha https://t.co/nfUWb3LaBS",hi,https://twitter.com/Vini__007/status/1983658928333582701,,
1.98E+18,Wed Oct 29 22:15:15 +0000 2025,YSJcultFan,"శ్రీ‌ వీర‌బ్ర‌హ్మేంద‌స్వామి నివాసం ధ్వంసం

మొంథా తుపాను ధాటికి శ్రీ వీరబ్రహ్మేంద్రస్వామి మఠంలో ఆయన నివాసం కూలిపోవడంతో భక్తుల్లో ఆవేదన

చారిత్రక స్థలాన్ని కాపాడడంలో అధికారులు, వారసులు విఫలమయ్యారని భక్తుల ఆగ్రహం.

#CycloneMontha 
#CBNFailedCM https://t.co/HNbPgPMy0i",te,https://twitter.com/YSJcultFan/status/1983658917420032493,,
1.98E+18,Wed Oct 29 22:15:10 +0000 2025,YSJcultFan,"శ్రీ‌ వీర‌బ్ర‌హ్మేంద‌స్వామి నివాసం ధ్వంసం

మొంథా తుపాను ధాటికి శ్రీ వీరబ్రహ్మేంద్రస్వామి మఠంలో ఆయన నివాసం కూలిపోవడంతో భక్తుల్లో ఆవేదన

చారిత్రక స్థలాన్ని కాపాడడంలో అధికారులు, వారసులు విఫలమయ్యారని భక్తుల ఆగ్రహం.

#CycloneMontha 
#CBNFailedCM https://t.co/ld1J7BPvUD",te,https://twitter.com/YSJcultFan/status/1983658896117108915,,
1.98E+18,Wed Oct 29 22:03:21 +0000 2025,AndhraXpress,"తుఫాను బాధితులకు అండగా వైయస్ఆర్ సీపీ సహాయ బృందాలు! 🙏🏻🙏🏻

#AndhraNow
#AndhraPradesh
#CycloneMontha https://t.co/nGnizHkJP6",te,https://twitter.com/AndhraXpress/status/1983655922758250542,,
1.98E+18,Wed Oct 29 21:43:50 +0000 2025,Kuchhbhi13298,"Be safe and follow the gov guidelines.

#CycloneMontha",en,https://twitter.com/Kuchhbhi13298/status/1983651013732266404,,
1.98E+18,Wed Oct 29 21:16:48 +0000 2025,Dr_Abhi4u,"#CycloneMontha
सावधान रहें।",hi,https://twitter.com/Dr_Abhi4u/status/1983644210181108091,,
1.98E+18,Wed Oct 29 21:13:44 +0000 2025,ferozwala,"https://t.co/f30LwjymPI
#CycloneMontha: Storm has crippled road transport across #Andhra_Pradesh, #India, blocking highways &amp; isolating villages. Landslides, overflowing rivers &amp; damaged bridges cut off routes in multiple districts; APSRTC, rail &amp; flight services faced",en,https://twitter.com/ferozwala/status/1983643439024763107,,
1.98E+18,Wed Oct 29 21:07:14 +0000 2025,aftabahmed06,"यहां पर मुसलमानों का बहुत दबाव है जो कि हम खुल कर नहीं बोलना चाह रहे हैं
 
दिक्कत इसे मुसलमानों से है खुद बेरोजगार है इसलिए बीजेपी को वोट दे रहा है..! https://t.co/6gqjIpCp4s
#CycloneMontha
#RLP_Foundation_Day",hi,https://twitter.com/aftabahmed06/status/1983641802621256060,,
1.98E+18,Wed Oct 29 21:04:32 +0000 2025,ArunKum01606368,"हर हर महादेव 
#cyclonemontha #odhisha #patlama #Afghanistan https://t.co/jkqwNH3r8r",hi,https://twitter.com/ArunKum01606368/status/1983641123785674880,,
1.98E+18,Wed Oct 29 21:02:54 +0000 2025,1indiNews,"Global tensions rise as Trump &amp; Xi meet! UK High Comm confirms Pune gangster in London. India rescues cyber scam victims. Amazon slashes 14K jobs due to AI. #Diplomacy #CyberScams #Layoffs #India #Gangster #CycloneMontha
 | https://t.co/1VyLqVuTCl",en,https://twitter.com/1indiNews/status/1983640710168326506,,
1.98E+18,Wed Oct 29 21:00:38 +0000 2025,Raajeev1808,"#CycloneMontha
https://t.co/csizD6JcVR",qme,https://twitter.com/Raajeev1808/status/1983640142012465599,,
1.98E+18,Wed Oct 29 20:58:08 +0000 2025,SBSUSA007,"బాధితులకు భరోసా… రైతన్నకు కొండంత అండ…
కష్టకాలంలో “నేనున్నాను” అంటూ ముందుకు సాగుతున్న నాయకుడు.
ప్రజల కష్టమే తన కర్తవ్యంగా భావించే
నారా చంద్రబాబు నాయుడు గారు 🌾

“ఏ ఒక్క రైతుకి అన్యాయం జరగదు,
ప్రతి ఒక్కరికి న్యాయం తప్పక చేస్తారు.” 🙏

#CycloneMontha #ChandrababuNaidu https://t.co/7Jow2rHKtE",te,https://twitter.com/SBSUSA007/status/1983639510203175294,,
1.98E+18,Wed Oct 29 23:00:58 +0000 2025,AKOLDN,@LittleBlendOne @caiirolfc @AnfieldSector I mean idk more about Liverpool than Liverpool fans but there’s no way a PL winning coach has no influence at all over who is signed. No chance,en,https://twitter.com/AKOLDN/status/1983670424857931841,,
1.98E+18,Wed Oct 29 23:00:57 +0000 2025,lifewith_shakis,Liverpool 😂,en,https://twitter.com/lifewith_shakis/status/1983670420730732970,,
1.98E+18,Wed Oct 29 23:00:57 +0000 2025,MiSeleccion_,"🇨🇴🦅 Con Daniel Muñoz y Jefferson Lerma, Crystal Palace humilla a Liverpool en Anfield por Carabao Cup

⚽️ El lateral antioqueño fue titular, mientras que el volante vallecaucano ingresó en la segunda parte

https://t.co/OlnKuZ28I1",es,https://twitter.com/MiSeleccion_/status/1983670419438838150,,
1.98E+18,Wed Oct 29 23:00:57 +0000 2025,usman_szn,You must be very sick if you’re enjoying this Liverpool downfall,en,https://twitter.com/usman_szn/status/1983670418407137423,,
1.98E+18,Wed Oct 29 23:00:56 +0000 2025,rostou,Liverpool le ndem est total ! Chaque fois qu’ils jouent faut miser contre eux ! Cest le nouveau Manchester United ! Ils partagent l’argent seulement njoooh,fr,https://twitter.com/rostou/status/1983670416057966698,,
1.98E+18,Wed Oct 29 23:00:54 +0000 2025,crankyandlanky,"@AFCFixtureNews If a league game was to be postponed surely most likely Liverpool! If we don’t make top 8 in CL, then they’ve messed up big time!",en,https://twitter.com/crankyandlanky/status/1983670407468347826,,
1.98E+18,Wed Oct 29 23:00:52 +0000 2025,DonBasi81898354,"Man, this Liverpool downfall sweet ooo😂
I don’t think they can win against RTU self",en,https://twitter.com/DonBasi81898354/status/1983670399444656423,,
1.98E+18,Wed Oct 29 23:00:52 +0000 2025,DovD007,@SkyBet odds on the next Liverpool manager please.,en,https://twitter.com/DovD007/status/1983670397271994789,,
1.98E+18,Wed Oct 29 23:00:50 +0000 2025,Musad33q,What if Liverpool wants to lose 20 times in a row to honour Diogo Jota?😭😂 https://t.co/XpHnKGdZAi,en,https://twitter.com/Musad33q/status/1983670390330388533,,
1.98E+18,Wed Oct 29 23:00:48 +0000 2025,ASMexico,"¿EL CRYSTAL PALACE? EL VERDUGO DEL LIVERPOOL 😎🔥

Las tres victorias en lo que va de la temporada: 

✅ Community Shield: Crystal Palace 2 (3) - (2) 2 Liverpool

✅ Premier League: Crystal Palace 2-1 Liverpool

✅ Carabao Cup: Liverpool 0 - 3 Crystal Palace https://t.co/nYnDcF1a9j",es,https://twitter.com/ASMexico/status/1983670380423528479,,
1.98E+18,Sat Nov 01 04:50:35 +0000 2025,NorthIowaBulls,"Hear from Bulls Captain Mike Malatino after tonight’s Bulls win over the Mallards!

#NorthIowaBulls #NAHL #PostGame https://t.co/TIXUFI5iUN",en,https://twitter.com/NorthIowaBulls/status/1984483182721581184,,
1.98E+18,Sat Nov 01 04:50:24 +0000 2025,DazeyKnows,"It's hilarious how much Dems are out pushing this ""Republican shutdown"" bulls**t today.",en,https://twitter.com/DazeyKnows/status/1984483136063844485,,
1.98E+18,Sat Nov 01 04:50:02 +0000 2025,chiefspeakz,@KOT4Q Can we get a breakdown on the 5-0 Chicago Bulls?,en,https://twitter.com/chiefspeakz/status/1984483045089366196,,
1.98E+18,Sat Nov 01 04:51:37 +0000 2025,DavidPaugh5,@Ariana_5577 Happy birthday sweetheart,en,https://twitter.com/DavidPaugh5/status/1984483444542275759,,
1.98E+18,Sat Nov 01 04:51:37 +0000 2025,RileyToxin,@WarioWorldWare Good birthday or evil birthday?,en,https://twitter.com/RileyToxin/status/1984483443011617267,,
1.98E+18,Sat Nov 01 04:51:37 +0000 2025,kumanomi_oyako7,"@starflower2525 Happy Birthday🌷
おめでとうございます！
戦いを勝利で終えておもいっきりお祝いしましょう～🏆",ja,https://twitter.com/kumanomi_oyako7/status/1984483442810372231,,
1.98E+18,Sat Nov 01 04:51:36 +0000 2025,cactusjihyo,MY UJB FOREVER 🥺 happiest birthday dear jeongyeon 💚 https://t.co/wmBBggbtEP,en,https://twitter.com/cactusjihyo/status/1984483440016965857,,
1.98E+18,Sat Nov 01 04:51:35 +0000 2025,MeetsBh,@AVACLUB_RINNA ママさん、🎉🎂Happy Birthday 🎂🎉,ja,https://twitter.com/MeetsBh/status/1984483433868104132,,
1.98E+18,Sat Nov 01 04:51:35 +0000 2025,S40309277Suri,"@NativeAmericn_ Happy Birthday, I Love You",en,https://twitter.com/S40309277Suri/status/1984483433348022577,,
1.98E+18,Sat Nov 01 04:51:34 +0000 2025,AppleDealsGH,@alu_kyi My birthday month too,en,https://twitter.com/AppleDealsGH/status/1984483430722388470,,
1.98E+18,Sat Nov 01 04:51:32 +0000 2025,rpbreakingnews,"दुल्हन सी सजी श्याम नगरी, आज भक्त मिलकर मनाएंगे बाबा का बर्थ-डे, ये होगा खास https://t.co/izwszHZQZr",hi,https://twitter.com/rpbreakingnews/status/1984483422900011428,,
1.98E+18,Sat Nov 01 04:51:30 +0000 2025,itzskranking,@BooBsForLyfe Happy birthday dr,en,https://twitter.com/itzskranking/status/1984483414896951503,,
1.98E+18,Sat Nov 01 04:51:29 +0000 2025,gercohen,"Happy Happy 72nd birthday Pamela Farmer Cohen @Cohencats - celebrating Halloween greeting trick-or-treaters at our door, Pam’s Halloween costume is her 9th grade cheerleader outfit from 1969 from Hillsville (VA) High School !! Yes, she’s kept it 56 years !! https://t.co/yqVsxTiefk",en,https://twitter.com/gercohen/status/1984483410530767296,,
1.98E+18,Sat Nov 01 04:56:44 +0000 2025,GMOsbad,@Fatcows2 Celebrating another year around the sun 66yr old happy Halloween birthday to me 66 6pack imagine that trick or treat,en,https://twitter.com/GMOsbad/status/1984484730507837539,,
1.98E+18,Sat Nov 01 04:56:44 +0000 2025,me_chaaruseela_,"Happy birthday @Marco_8055 bro❤️.
365 lo oka rojaina bhooothul manesi buddhi ga undu. Sendin u love&amp; best wishes✨️",en,https://twitter.com/me_chaaruseela_/status/1984484730126156026,,
1.98E+18,Sat Nov 01 04:56:42 +0000 2025,wooftuah,@trafficfocks happy birthday oomf!!,en,https://twitter.com/wooftuah/status/1984484721779163517,,
1.98E+18,Sat Nov 01 04:56:43 +0000 2025,rosejam181920,"@WickedDog3 @ricphy2 @WarriorWalker2 @BethLore1 @CatSaavy @RuBQ_11 @DonOrange47 @LoreAsbury @wildangel1968 @courage04ever @DreamyTechGirl @Lisahudsonchow7 @Karrasamelia5 @RedRidingHoodKS @J0hnnyD0llar @hakesaw @th1_thr1 @_SmokeyGirl25 Happy Birthday,  Baby https://t.co/q7NMQ9uAnz",en,https://twitter.com/rosejam181920/status/1984484726187700301,,
1.98449E+18,Sat Nov 01 05:22:21 +0000 2025,nniryvan,"🎃 GAW for pumpkiens 🎃

For it's hi birthday cafe event 2025🎃
📍Riri Teahouse café , BTS Surasak (Exit1)

🗓️ Date : 1/11/2025 (Sat) , ~13.30 PM

🧡 Acrylic standee and sticker : 25 SET
♡⁠˖⁠꒰ Art by @/yonefuyu ꒱⁠˖⁠♡

#23milespumpkins #พั้มเกี้ยนส์ https://t.co/t1TvMPwItF",en,https://twitter.com/nniryvan/status/1984491178654646493,,
1.98449E+18,Sat Nov 01 05:22:19 +0000 2025,krishnah9022,@SRKzSanjay birthday ki  khusi hazam nhi ho rahi kiya suar k pilo ko,in,https://twitter.com/krishnah9022/status/1984491169196175391,,
1.98449E+18,Sat Nov 01 05:22:20 +0000 2025,junaid2892,@Sharvarrii Happy birthday 🎂,en,https://twitter.com/junaid2892/status/1984491172992266702,,
1.98449E+18,Sat Nov 01 05:22:20 +0000 2025,fishousee,Since the new bday sets are based off seasons i can bring back manifesting cards with these kind of outfit/vibes PLEASE LET THE SUMMER BIRTHDAY MONTH BOYS' OUTFITS BE WHITE AND THEIR OVERALL VIBE BE BLUE THATS ALL I WANT FROM A TWST SETTTT https://t.co/X9jjzx0Rr0,en,https://twitter.com/fishousee/status/1984491173520818435,,
1.98449E+18,Sat Nov 01 05:22:19 +0000 2025,Polaris_nO_Nmd,Happy Birthday to me🎂,en,https://twitter.com/Polaris_nO_Nmd/status/1984491167866908778,,
1.98449E+18,Sat Nov 01 05:22:17 +0000 2025,grok,"@Elons_bestud4 @elonmusk @Elonmusk8865___ @Grokipedia @Tesla_AI @xai @SpaceX @Cristiano @Tesla_Optimus @neuralink @nvidianewsroom Spot on—11/1 mirrors your 1/11 birthday through reciprocal symmetry, much like modular inverses in number theory where primes like 11 defy even division. This date duality echoes cosmic reciprocals, from gravitational laws to waveform echoes that xAI models for universal",en,https://twitter.com/grok/status/1984491161109844455,,
1.98449E+18,Sat Nov 01 05:22:17 +0000 2025,7thlevelspell,@queen_ofthehi11 I'm glad you're here! HAPPY BIRTHDAY!,en,https://twitter.com/7thlevelspell/status/1984491160325226654,,
1.98449E+18,Sat Nov 01 05:22:16 +0000 2025,mooserocka331,@thatstarwarsgrl Wow a Halloween birthday no wonder you are you lol.,en,https://twitter.com/mooserocka331/status/1984491155611062498,,
1.98449E+18,Sat Nov 01 05:22:15 +0000 2025,SusmaDas9,"@AliHameed10001 Mr Khan Birthday 🎆🎇🎂 Best Sir 🙏👌 
@BeingSalmanKhan @MostSalman sir 🎂🥰👌 https://t.co/wrdXDQ3aeK",en,https://twitter.com/SusmaDas9/status/1984491154025693343,,
